Image_Name,Source_Dataset
4002448018551_01_N95_2592x1944_scaledTo800x600bilinear,MuensterDatabase
4000869060098_01_N95_2592x1944_scaledTo800x600bilinear,MuensterDatabase
8000400061115_01_N95_2592x1944_scaledTo800x600bilinear,MuensterDatabase
3700197660441_2,openfoodDatabase
8722700046790_01_N95_2592x1944_scaledTo800x600bilinear,MuensterDatabase
7321925005431_06102009241,InsubriaDatabase1
8809022000331_size_640_480_20140607_203313,skkuinyougDatabase
4006272004599_01_N95_2592x1944_scaledTo800x600bilinear,MuensterDatabase
4045500012029_01_N95_2592x1944_scaledTo800x600bilinear,MuensterDatabase
4902030187590_Foto(721),InsubriaDatabase2
4016565521191_01_N95_2592x1944_scaledTo800x600bilinear,MuensterDatabase
9780201310054_ean13_3_26,zxingDatabase
4005808801046_05102009159,InsubriaDatabase1
4305615516011_01_N95_2592x1944_scaledTo800x600bilinear,MuensterDatabase
4242003396872_01_N95_2592x1944_scaledTo800x600bilinear,MuensterDatabase
4016598348994_01_N95_2592x1944_scaledTo800x600bilinear,MuensterDatabase
4902520242204_05102009122,InsubriaDatabase1
9088882448203_01_N95_2592x1944_scaledTo800x600bilinear,MuensterDatabase
8710619230072_01_N95_2592x1944_scaledTo800x600bilinear,MuensterDatabase
9780596008574_ean13_3_14,zxingDatabase
2210187003598_01_N95_2592x1944_scaledTo800x600bilinear,MuensterDatabase
8712800148104_2,openfoodDatabase
8588005778190_2,openfoodDatabase
8805191519131_size_640_480_20140607_204155,skkuinyougDatabase
5030930017491_Foto(516),InsubriaDatabase2
4005009001887_01_N95_2592x1944_scaledTo800x600bilinear,MuensterDatabase
0734646964449_05102009150,InsubriaDatabase1
8801037089639_size_640_480_20140607_200941,skkuinyougDatabase
4001608204025_01_N95_2592x1944_scaledTo800x600bilinear,MuensterDatabase
4250665323495_1,openfoodDatabase
4010716065137_01_N95_2592x1944_scaledTo800x600bilinear,MuensterDatabase
8011642111896_Foto(830),InsubriaDatabase2
8022628330033_01_N95_2592x1944_scaledTo800x600bilinear,MuensterDatabase
8801019309915_size_640_480_20140607_201224,skkuinyougDatabase
4305399029257_01_N95_2592x1944_scaledTo800x600bilinear,MuensterDatabase
4002473747457_01_N95_2592x1944_scaledTo800x600bilinear,MuensterDatabase
4306188002246_01_N95_2592x1944_scaledTo800x600bilinear,MuensterDatabase
5031021347053_size_640_480_20140607_201258,skkuinyougDatabase
4043002390966_01_N95_2592x1944_scaledTo800x600bilinear,MuensterDatabase
7321925005431_Foto(849),InsubriaDatabase2
4015000017084_01_N95_2592x1944_scaledTo800x600bilinear,MuensterDatabase
4902030187590_05102009081,InsubriaDatabase1
4001883294667_01_N95_2592x1944_scaledTo800x600bilinear,MuensterDatabase
7321925005431_06102009240,InsubriaDatabase1
4101080001386_01_N95_2592x1944_scaledTo800x600bilinear,MuensterDatabase
4078500140706_01_N95_2592x1944_scaledTo800x600bilinear,MuensterDatabase
4006643193716_01_N95_2592x1944_scaledTo800x600bilinear,MuensterDatabase
8002330051617_05102009211,InsubriaDatabase1
4017026057471_01_N95_2592x1944_scaledTo800x600bilinear,MuensterDatabase
9780735619937_ean13_3_54,zxingDatabase
4015000011303_01_N95_2592x1944_scaledTo800x600bilinear,MuensterDatabase
2216010002202_01_N95_2592x1944_scaledTo800x600bilinear,MuensterDatabase
8801042741904_size_640_480_20140607_203758,skkuinyougDatabase
9780201310054_ean13_3_24,zxingDatabase
8004020931773_05102009154,InsubriaDatabase1
3760046253835_2,openfoodDatabase
4000582104192_01_N95_2592x1944_scaledTo800x600bilinear,MuensterDatabase
9780735619937_ean13_3_52,zxingDatabase
4000602002323_01_N95_2592x1944_scaledTo800x600bilinear,MuensterDatabase
3434730707835_PICT00daw23,InsubriaDatabase1
4007552306624_01_N95_2592x1944_scaledTo800x600bilinear,MuensterDatabase
0247534029262_1,openfoodDatabase
8011642111896_Foto(815),InsubriaDatabase2
4008153741357_01_N95_2592x1944_scaledTo800x600bilinear,MuensterDatabase
7321925005431_06102009252,InsubriaDatabase1
4000388175303_01_N95_2592x1944_scaledTo800x600bilinear,MuensterDatabase
4305399070402_01_N95_2592x1944_scaledTo800x600bilinear,MuensterDatabase
4009864067033_01_N95_2592x1944_scaledTo800x600bilinear,MuensterDatabase
8002330051617_05102009216,InsubriaDatabase1
9780735619937_ean13_3_50,zxingDatabase
9780596008574_ean13_3_18,zxingDatabase
9784872348880_ean13_2_17,zxingDatabase
4008435030018_02_N95_2592x1944_scaledTo800x600bilinear,MuensterDatabase
3560071094980_1,openfoodDatabase
9780446579803_ean13_5_15,zxingDatabase
9780596008574_ean13_3_16,zxingDatabase
4045500511850_01_N95_2592x1944_scaledTo800x600bilinear,MuensterDatabase
4000400130686_01_N95_2592x1944_scaledTo800x600bilinear,MuensterDatabase
2007001572312_02_N95_2592x1944_scaledTo800x600bilinear,MuensterDatabase
9784872348880_ean13_2_24,zxingDatabase
5029053018508_01_N95_2592x1944_scaledTo800x600bilinear,MuensterDatabase
9784872348880_ean13_2_26,zxingDatabase
4008110263533_01_N95_2592x1944_scaledTo800x600bilinear,MuensterDatabase
4007764691464_01_N95_2592x1944_scaledTo800x600bilinear,MuensterDatabase
4005808864010_01_N95_2592x1944_scaledTo800x600bilinear,MuensterDatabase
9780441014989_ean13_4_13,zxingDatabase
0051122414831_Foto(765),InsubriaDatabase2
8023222032262_Foto(725),InsubriaDatabase2
4022622078294_02_N95_2592x1944_scaledTo800x600bilinear,MuensterDatabase
4005500037477_01_N95_2592x1944_scaledTo800x600bilinear,MuensterDatabase
4035375005011_01_N95_2592x1944_scaledTo800x600bilinear,MuensterDatabase
4015000326964_01_N95_2592x1944_scaledTo800x600bilinear,MuensterDatabase
9780735619937_ean13_3_48,zxingDatabase
4008617661009_01_N95_2592x1944_scaledTo800x600bilinear,MuensterDatabase
4003764700373_02_N95_2592x1944_scaledTo800x600bilinear,MuensterDatabase
2303633006639_01_N95_2592x1944_scaledTo800x600bilinear,MuensterDatabase
8005283001685_PICTwa0015,InsubriaDatabase1
4002473959652_01_N95_2592x1944_scaledTo800x600bilinear,MuensterDatabase
8801115114338_size_640_480_20140607_202524,skkuinyougDatabase
8002205319804_05102009185,InsubriaDatabase1
4003143030893_01_N95_2592x1944_scaledTo800x600bilinear,MuensterDatabase
4005153002020_01_N95_2592x1944_scaledTo800x600bilinear,MuensterDatabase
9780201310054_ean13_3_34,zxingDatabase
4006272332104_01_N95_2592x1944_scaledTo800x600bilinear,MuensterDatabase
8011642115887_Foto(735),InsubriaDatabase2
4001497287208_01_N95_2592x1944_scaledTo800x600bilinear,MuensterDatabase
4013099003810_01_N95_2592x1944_scaledTo800x600bilinear,MuensterDatabase
3165950077018_01_N95_2592x1944_scaledTo800x600bilinear,MuensterDatabase
4000400109705_01_N95_2592x1944_scaledTo800x600bilinear,MuensterDatabase
9780441014989_ean13_4_07,zxingDatabase
4001419009611_02_N95_2592x1944_scaledTo800x600bilinear,MuensterDatabase
8005283002354_05102009173,InsubriaDatabase1
4001133929318_01_N95_2592x1944_scaledTo800x600bilinear,MuensterDatabase
4000582500093_01_N95_2592x1944_scaledTo800x600bilinear,MuensterDatabase
8004020931773_05102009156,InsubriaDatabase1
4000339457823_01_N95_2592x1944_scaledTo800x600bilinear,MuensterDatabase
8002330097875_Foto(501),InsubriaDatabase2
4006975021480_01_N95_2592x1944_scaledTo800x600bilinear,MuensterDatabase
4002441039966_01_N95_2592x1944_scaledTo800x600bilinear,MuensterDatabase
4001845521107_01_N95_2592x1944_scaledTo800x600bilinear,MuensterDatabase
9780201310054_ean13_3_33,zxingDatabase
8005235212442_Foto(786),InsubriaDatabase2
3434730707835_PICT00awd25,InsubriaDatabase1
8002330024451_Foto(711),InsubriaDatabase2
8011642115962_Foto(482),InsubriaDatabase2
4020500966411_02_N95_2592x1944_scaledTo800x600bilinear,MuensterDatabase
4000400157164_01_N95_2592x1944_scaledTo800x600bilinear,MuensterDatabase
4003490048961_01_N95_2592x1944_scaledTo800x600bilinear,MuensterDatabase
4006885191600_01_N95_2592x1944_scaledTo800x600bilinear,MuensterDatabase
9780596008574_ean13_3_21,zxingDatabase
4005800431241_01_N95_2592x1944_scaledTo800x600bilinear,MuensterDatabase
8410060282001_01_N95_2592x1944_scaledTo800x600bilinear,MuensterDatabase
5412253705840_01_N95_2592x1944_scaledTo800x600bilinear,MuensterDatabase
7615400735518_02_N95_2592x1944_scaledTo800x600bilinear,MuensterDatabase
4000953398915_01_N95_2592x1944_scaledTo800x600bilinear,MuensterDatabase
2007001491347_01_N95_2592x1944_scaledTo800x600bilinear,MuensterDatabase
4023900535645_01_N95_2592x1944_scaledTo800x600bilinear,MuensterDatabase
4306516005796_01_N95_2592x1944_scaledTo800x600bilinear,MuensterDatabase
8000121310370_PICT0022fhghg,InsubriaDatabase1
8011642115962_Foto(684),InsubriaDatabase2
3275461001775_1,openfoodDatabase
8002330002534_PIChgfghT0025,InsubriaDatabase1
4012303035104_01_N95_2592x1944_scaledTo800x600bilinear,MuensterDatabase
8801033795893_size_640_480_20140607_202342,skkuinyougDatabase
4305399071805_01_N95_2592x1944_scaledTo800x600bilinear,MuensterDatabase
4004353027901_01_N95_2592x1944_scaledTo800x600bilinear,MuensterDatabase
3523320200136_1,openfoodDatabase
8002330051617_05102009219,InsubriaDatabase1
8410076600646_size_640_480_20140607_201337,skkuinyougDatabase
4000007037234_01_N95_2592x1944_scaledTo800x600bilinear,MuensterDatabase
8011642115887_Foto(477),InsubriaDatabase2
9780764544200_ean13_3_09,zxingDatabase
4305399033957_01_N95_2592x1944_scaledTo800x600bilinear,MuensterDatabase
4008666206503_01_N95_2592x1944_scaledTo800x600bilinear,MuensterDatabase
8023222032262_05102009103,InsubriaDatabase1
6809369360013_size_640_480_20140607_201058,skkuinyougDatabase
4007554132801_02_N95_2592x1944_scaledTo800x600bilinear,MuensterDatabase
4017026057457_01_N95_2592x1944_scaledTo800x600bilinear,MuensterDatabase
4015000019088_01_N95_2592x1944_scaledTo800x600bilinear,MuensterDatabase
3760241200115_1,openfoodDatabase
4008913033418_01_N95_2592x1944_scaledTo800x600bilinear,MuensterDatabase
8801207030867_size_640_480_20140607_202549,skkuinyougDatabase
9780804816632_ean13_2_02,zxingDatabase
4015000090742_01_N95_2592x1944_scaledTo800x600bilinear,MuensterDatabase
4005808801046_PICT0wad018,InsubriaDatabase1
4006067907517_01_N95_2592x1944_scaledTo800x600bilinear,MuensterDatabase
4005808650507_08_N95_2592x1944_scaledTo800x600bilinear,MuensterDatabase
9400563452017_2,openfoodDatabase
9002827249014_01_N95_2592x1944_scaledTo800x600bilinear,MuensterDatabase
3181731140009_02_N95_2592x1944_scaledTo800x600bilinear,MuensterDatabase
8809332770764_size_640_480_20140607_203543,skkuinyougDatabase
9780441014989_ean13_4_05,zxingDatabase
4015000523196_03_N95_2592x1944_scaledTo800x600bilinear,MuensterDatabase
3483130800554_1,openfoodDatabase
4023900539063_01_N95_2592x1944_scaledTo800x600bilinear,MuensterDatabase
3600540477323_PICT0050,InsubriaDatabase1
3600520826400_01_N95_2592x1944_scaledTo800x600bilinear,MuensterDatabase
8002330098063_Foto(550),InsubriaDatabase2
4029128000552_01_N95_2592x1944_scaledTo800x600bilinear,MuensterDatabase
4045500012715_01_N95_2592x1944_scaledTo800x600bilinear,MuensterDatabase
4005009001672_01_N95_2592x1944_scaledTo800x600bilinear,MuensterDatabase
4026600112000_01_N95_2592x1944_scaledTo800x600bilinear,MuensterDatabase
8002330002534_Foto(427),InsubriaDatabase2
8801047223450_size_640_480_20140607_202812,skkuinyougDatabase
5702014498815_02_N95_2592x1944_scaledTo800x600bilinear,MuensterDatabase
4001497287208_02_N95_2592x1944_scaledTo800x600bilinear,MuensterDatabase
8801068085754_size_640_480_20140607_202749,skkuinyougDatabase
4006067088926_01_N95_2592x1944_scaledTo800x600bilinear,MuensterDatabase
8004800002389_size_640_480_20140607_202234,skkuinyougDatabase
8801117760502_size_640_480_20140607_202318,skkuinyougDatabase
5030930017491_Foto(515),InsubriaDatabase2
8801117102500_size_640_480_20140607_201137,skkuinyougDatabase
4008057023986_01_N95_2592x1944_scaledTo800x600bilinear,MuensterDatabase
3600540477323_Foto(568),InsubriaDatabase2
4007591582096_01_N95_2592x1944_scaledTo800x600bilinear,MuensterDatabase
8715186814014_01_N95_2592x1944_scaledTo800x600bilinear,MuensterDatabase
8005283001951_PICT0gh009,InsubriaDatabase1
5322825005431_Foto(839),InsubriaDatabase2
8809022413056_size_640_480_20140607_203306,skkuinyougDatabase
8801037088168_size_640_480_20140607_200935,skkuinyougDatabase
4000503211008_01_N95_2592x1944_scaledTo800x600bilinear,MuensterDatabase
2327452023509_1,openfoodDatabase
4011800109318_02_N95_2592x1944_scaledTo800x600bilinear,MuensterDatabase
8801062517916_size_640_480_20140607_201728,skkuinyougDatabase
4100650500021_01_N95_2592x1944_scaledTo800x600bilinear,MuensterDatabase
5411188523307_01_N95_2592x1944_scaledTo800x600bilinear,MuensterDatabase
9780596008574_ean13_3_20,zxingDatabase
8801114120477_size_640_480_20140607_203035,skkuinyougDatabase
9784872348880_ean13_2_20,zxingDatabase
8011642115887_Foto(690),InsubriaDatabase2
4002575190267_01_N95_2592x1944_scaledTo800x600bilinear,MuensterDatabase
3760098453825_1,openfoodDatabase
9780764544200_ean13_3_05,zxingDatabase
4062300040717_01_N95_2592x1944_scaledTo800x600bilinear,MuensterDatabase
8801117762506_size_640_480_20140607_202313,skkuinyougDatabase
5705691102051_01_N95_2592x1944_scaledTo800x600bilinear,MuensterDatabase
3275461001775_2,openfoodDatabase
7321925005431_06102009244,InsubriaDatabase1
8011642115887_Foto(746),InsubriaDatabase2
3600520825601_02_N95_2592x1944_scaledTo800x600bilinear,MuensterDatabase
8413600298517_ean13_1_13,zxingDatabase
3389682001244_2,openfoodDatabase
9780345460950_ean13_5_11,zxingDatabase
8005235212442_Foto(701),InsubriaDatabase2
8715700407418_01_N95_2592x1944_scaledTo800x600bilinear,MuensterDatabase
8023222032262_Foto(512),InsubriaDatabase2
4037678222164_01_N95_2592x1944_scaledTo800x600bilinear,MuensterDatabase
4902030187590_Foto(489),InsubriaDatabase2
8011642111896_Foto(827),InsubriaDatabase2
4013200881764_01_N95_2592x1944_scaledTo800x600bilinear,MuensterDatabase
4008664001063_01_N95_2592x1944_scaledTo800x600bilinear,MuensterDatabase
2259797018677_1,openfoodDatabase
8809022419669_size_640_480_20140607_203445,skkuinyougDatabase
8801121759165_size_640_480_20140607_202658,skkuinyougDatabase
8001960123411_05102009132,InsubriaDatabase1
4006067088773_01_N95_2592x1944_scaledTo800x600bilinear,MuensterDatabase
2000354891802_01_N95_2592x1944_scaledTo800x600bilinear,MuensterDatabase
8005350441406_PICT0fgfgh015,InsubriaDatabase1
4012467028806_01_N95_2592x1944_scaledTo800x600bilinear,MuensterDatabase
3222476758729_2,openfoodDatabase
8411135441019_PICT0028,InsubriaDatabase1
4062800001645_01_N95_2592x1944_scaledTo800x600bilinear,MuensterDatabase
4009300505341_PICTfhghgfh0039,InsubriaDatabase1
4049500287333_01_N95_2592x1944_scaledTo800x600bilinear,MuensterDatabase
4306188227380_01_N95_2592x1944_scaledTo800x600bilinear,MuensterDatabase
9002759250065_01_N95_2592x1944_scaledTo800x600bilinear,MuensterDatabase
8005283001685_PICT0wa016,InsubriaDatabase1
4015613396873_01_N95_2592x1944_scaledTo800x600bilinear,MuensterDatabase
4017026058898_01_N95_2592x1944_scaledTo800x600bilinear,MuensterDatabase
4000602150017_01_N95_2592x1944_scaledTo800x600bilinear,MuensterDatabase
9001466304337_02_N95_2592x1944_scaledTo800x600bilinear,MuensterDatabase
9002759812614_01_N95_2592x1944_scaledTo800x600bilinear,MuensterDatabase
8002330051617_05102009220,InsubriaDatabase1
4250090807959_01_N95_2592x1944_scaledTo800x600bilinear,MuensterDatabase
8002330112752_05102009187,InsubriaDatabase1
2165742004797_1,openfoodDatabase
3760253840927_2,openfoodDatabase
8850468205439_size_640_480_20140607_202902,skkuinyougDatabase
4026600378000_01_N95_2592x1944_scaledTo800x600bilinear,MuensterDatabase
8801005214285_size_640_480_20140607_203326,skkuinyougDatabase
4009071021804_01_N95_2592x1944_scaledTo800x600bilinear,MuensterDatabase
9780201310054_ean13_3_31,zxingDatabase
9784872348880_ean13_2_22,zxingDatabase
4015000010399_01_N95_2592x1944_scaledTo800x600bilinear,MuensterDatabase
8718885890846_4,openfoodDatabase
4002575075489_01_N95_2592x1944_scaledTo800x600bilinear,MuensterDatabase
4710723400266_01_N95_2592x1944_scaledTo800x600bilinear,MuensterDatabase
9781585730575_ean13_3_40,zxingDatabase
8005283001951_PICgfhT0012,InsubriaDatabase1
4005808801046_PICTadw0020,InsubriaDatabase1
8480010092271_ean13_1_2,zxingDatabase
4004327244396_01_N95_2592x1944_scaledTo800x600bilinear,MuensterDatabase
8004020931773_PICT00dfs31,InsubriaDatabase1
4011200136907_01_N95_2592x1944_scaledTo800x600bilinear,MuensterDatabase
4902520242204_Foto(755),InsubriaDatabase2
4018852004370_01_N95_2592x1944_scaledTo800x600bilinear,MuensterDatabase
4020943134224_1,openfoodDatabase
8002330112752_05102009190,InsubriaDatabase1
8718885890846_3,openfoodDatabase
4002575113389_01_N95_2592x1944_scaledTo800x600bilinear,MuensterDatabase
8023222032262_Foto(730),InsubriaDatabase2
4008913814413_01_N95_2592x1944_scaledTo800x600bilinear,MuensterDatabase
4003222664834_01_N95_2592x1944_scaledTo800x600bilinear,MuensterDatabase
8011642115887_Foto(744),InsubriaDatabase2
0075720000814_1,openfoodDatabase
8000050448700_PfggfhgICT0034,InsubriaDatabase1
4008435030018_01_N95_2592x1944_scaledTo800x600bilinear,MuensterDatabase
4011240422879_01_N95_2592x1944_scaledTo800x600bilinear,MuensterDatabase
4902520242204_Foto(758),InsubriaDatabase2
8005235212442_Foto(785),InsubriaDatabase2
2003889393001_01_N95_2592x1944_scaledTo800x600bilinear,MuensterDatabase
4100650200815_01_N95_2592x1944_scaledTo800x600bilinear,MuensterDatabase
8808318406810_size_640_480_20140607_203012,skkuinyougDatabase
8807841000624_size_640_480_20140607_203421,skkuinyougDatabase
5413149200265_01_N95_2592x1944_scaledTo800x600bilinear,MuensterDatabase
4008115790201_01_N95_2592x1944_scaledTo800x600bilinear,MuensterDatabase
4006592532673_01_N95_2592x1944_scaledTo800x600bilinear,MuensterDatabase
8011642115887_PICT0042,InsubriaDatabase1
9780441014989_ean13_4_04,zxingDatabase
3222270189644_01_N95_2592x1944_scaledTo800x600bilinear,MuensterDatabase
3215470518352_2,openfoodDatabase
8809328118013_size_640_480_20140607_203321,skkuinyougDatabase
5010241993059_01_N95_2592x1944_scaledTo800x600bilinear,MuensterDatabase
4045787034318_ean13_1_15,zxingDatabase
9780345348036_ean13_2_10,zxingDatabase
4058700660068_01_N95_2592x1944_scaledTo800x600bilinear,MuensterDatabase
4006160635171_01_N95_2592x1944_scaledTo800x600bilinear,MuensterDatabase
7321925005431_Foto(844),InsubriaDatabase2
8807841041467_size_640_480_20140607_203407,skkuinyougDatabase
4013099011464_01_N95_2592x1944_scaledTo800x600bilinear,MuensterDatabase
8023222032262_05102009101,InsubriaDatabase1
0734646964449_05102009152,InsubriaDatabase1
4001499140648_02_N95_2592x1944_scaledTo800x600bilinear,MuensterDatabase
8801046994399_size_640_480_20140607_203807,skkuinyougDatabase
068437389716_size_640_480_20140607_202008,skkuinyougDatabase
8002330112752_05102009196,InsubriaDatabase1
4027068073070_01_N95_2592x1944_scaledTo800x600bilinear,MuensterDatabase
4007552306051_01_N95_2592x1944_scaledTo800x600bilinear,MuensterDatabase
8002330097875_Foto(504),InsubriaDatabase2
4902030187590_05102009124,InsubriaDatabase1
4013307319634_01_N95_2592x1944_scaledTo800x600bilinear,MuensterDatabase
8804973302602_size_640_480_20140607_201956,skkuinyougDatabase
4026600847100_01_N95_2592x1944_scaledTo800x600bilinear,MuensterDatabase
3600540477323_PICT0048,InsubriaDatabase1
3355430000302_2,openfoodDatabase
4041500061029_01_N95_2592x1944_scaledTo800x600bilinear,MuensterDatabase
8809354400885_size_640_480_20140607_203551,skkuinyougDatabase
9002759718800_01_N95_2592x1944_scaledTo800x600bilinear,MuensterDatabase
4045500012005_01_N95_2592x1944_scaledTo800x600bilinear,MuensterDatabase
3389090003342_1,openfoodDatabase
9780735619937_ean13_3_44,zxingDatabase
4043002339453_01_N95_2592x1944_scaledTo800x600bilinear,MuensterDatabase
7321925005431_06102009247,InsubriaDatabase1
4005808650507_02_N95_2592x1944_scaledTo800x600bilinear,MuensterDatabase
4028691017011_01_N95_2592x1944_scaledTo800x600bilinear,MuensterDatabase
3760044396411_2,openfoodDatabase
2952211005443_1,openfoodDatabase
8801204005691_size_640_480_20140607_201352,skkuinyougDatabase
8011642115887_Foto(694),InsubriaDatabase2
4015878995958_02_N95_2592x1944_scaledTo800x600bilinear,MuensterDatabase
5055038601724_06102009255,InsubriaDatabase1
5000436604877_size_640_480_20140607_201305,skkuinyougDatabase
4016364008176_01_N95_2592x1944_scaledTo800x600bilinear,MuensterDatabase
4000521593506_01_N95_2592x1944_scaledTo800x600bilinear,MuensterDatabase
8710609016310_01_N95_2592x1944_scaledTo800x600bilinear,MuensterDatabase
4015000017121_03_N95_2592x1944_scaledTo800x600bilinear,MuensterDatabase
7321925005431_06102009243,InsubriaDatabase1
4001845527000_01_N95_2592x1944_scaledTo800x600bilinear,MuensterDatabase
4306188400851_01_N95_2592x1944_scaledTo800x600bilinear,MuensterDatabase
4008402863397_01_N95_2592x1944_scaledTo800x600bilinear,MuensterDatabase
4000516011053_01_N95_2592x1944_scaledTo800x600bilinear,MuensterDatabase
3574660133899_05102009161,InsubriaDatabase1
4001499012358_01_N95_2592x1944_scaledTo800x600bilinear,MuensterDatabase
8801037087208_size_640_480_20140607_202614,skkuinyougDatabase
4009049221984_01_N95_2592x1944_scaledTo800x600bilinear,MuensterDatabase
8801019307256_size_640_480_20140607_201413,skkuinyougDatabase
4009864012651_01_N95_2592x1944_scaledTo800x600bilinear,MuensterDatabase
2000700048829_1,openfoodDatabase
3262151833754_2,openfoodDatabase
3422882000423_3,openfoodDatabase
4004353036408_01_N95_2592x1944_scaledTo800x600bilinear,MuensterDatabase
9780446579803_ean13_5_14,zxingDatabase
8005495341005_PICfhghhgfT0019,InsubriaDatabase1
7311800009357_1,openfoodDatabase
0051122414831_Foto(766),InsubriaDatabase2
3700774300012_2,openfoodDatabase
0051122414831_Foto(762),InsubriaDatabase2
9780441014989_ean13_4_02,zxingDatabase
8801007080635_size_640_480_20140607_203123,skkuinyougDatabase
8011642115887_Foto(732),InsubriaDatabase2
4037900670350_01_N95_2592x1944_scaledTo800x600bilinear,MuensterDatabase
8023222032262_Foto(682),InsubriaDatabase2
9780764544200_ean13_3_03,zxingDatabase
5413149278950_01_N95_2592x1944_scaledTo800x600bilinear,MuensterDatabase
4007111757065_01_N95_2592x1944_scaledTo800x600bilinear,MuensterDatabase
4002473754455_01_N95_2592x1944_scaledTo800x600bilinear,MuensterDatabase
4005153001054_01_N95_2592x1944_scaledTo800x600bilinear,MuensterDatabase
4001499140648_01_N95_2592x1944_scaledTo800x600bilinear,MuensterDatabase
4023900190462_01_N95_2592x1944_scaledTo800x600bilinear,MuensterDatabase
4058700621434_01_N95_2592x1944_scaledTo800x600bilinear,MuensterDatabase
4063500091356_01_N95_2592x1944_scaledTo800x600bilinear,MuensterDatabase
4002359176302_01_N95_2592x1944_scaledTo800x600bilinear,MuensterDatabase
4037300039115_01_N95_2592x1944_scaledTo800x600bilinear,MuensterDatabase
4015000017121_02_N95_2592x1944_scaledTo800x600bilinear,MuensterDatabase
4078500023801_01_N95_2592x1944_scaledTo800x600bilinear,MuensterDatabase
3760251820037_2,openfoodDatabase
8809003483382_size_640_480_20140607_203340,skkuinyougDatabase
4009864016123_01_N95_2592x1944_scaledTo800x600bilinear,MuensterDatabase
4003222689226_01_N95_2592x1944_scaledTo800x600bilinear,MuensterDatabase
8011642115887_Foto(742),InsubriaDatabase2
4000576484736_01_N95_2592x1944_scaledTo800x600bilinear,MuensterDatabase
4902520242204_05102009121,InsubriaDatabase1
4006825456066_02_N95_2592x1944_scaledTo800x600bilinear,MuensterDatabase
3500611007667_01_N95_2592x1944_scaledTo800x600bilinear,MuensterDatabase
8712800148104_1,openfoodDatabase
9781558604971_ean13_1_33,zxingDatabase
3760055835039_2,openfoodDatabase
4006325677718_01_N95_2592x1944_scaledTo800x600bilinear,MuensterDatabase
8801114120682_size_640_480_20140607_202704,skkuinyougDatabase
4011240090528_01_N95_2592x1944_scaledTo800x600bilinear,MuensterDatabase
8801204006919_size_640_480_20140607_201207,skkuinyougDatabase
4043002380356_01_N95_2592x1944_scaledTo800x600bilinear,MuensterDatabase
3505340020239_1,openfoodDatabase
7322540290967_01_N95_2592x1944_scaledTo800x600bilinear,MuensterDatabase
4013307326885_01_N95_2592x1944_scaledTo800x600bilinear,MuensterDatabase
4006508121243_01_N95_2592x1944_scaledTo800x600bilinear,MuensterDatabase
4902030187590_Foto(676),InsubriaDatabase2
4001133295918_01_N95_2592x1944_scaledTo800x600bilinear,MuensterDatabase
8002330051617_Foto(716),InsubriaDatabase2
8809022419621_size_640_480_20140607_203500,skkuinyougDatabase
8004020587048_05102009144,InsubriaDatabase1
4000400157164_02_N95_2592x1944_scaledTo800x600bilinear,MuensterDatabase
8804246022435_size_640_480_20140607_203438,skkuinyougDatabase
4004353047213_02_N95_2592x1944_scaledTo800x600bilinear,MuensterDatabase
5050083170188_Foto(555),InsubriaDatabase2
3166298099809_ean13_1_9,zxingDatabase
8715169005293_01_N95_2592x1944_scaledTo800x600bilinear,MuensterDatabase
2005166466002_01_N95_2592x1944_scaledTo800x600bilinear,MuensterDatabase
4009803067216_01_N95_2592x1944_scaledTo800x600bilinear,MuensterDatabase
8809041901107_size_640_480_20140607_204214,skkuinyougDatabase
4005500076087_01_N95_2592x1944_scaledTo800x600bilinear,MuensterDatabase
4007237015803_01_N95_2592x1944_scaledTo800x600bilinear,MuensterDatabase
4013521235338_01_N95_2592x1944_scaledTo800x600bilinear,MuensterDatabase
4306517003883_01_N95_2592x1944_scaledTo800x600bilinear,MuensterDatabase
7321925005431_Foto(850),InsubriaDatabase2
8011642111896_Foto(831),InsubriaDatabase2
4058700621052_01_N95_2592x1944_scaledTo800x600bilinear,MuensterDatabase
8005235212442_Foto(781),InsubriaDatabase2
4000400181121_01_N95_2592x1944_scaledTo800x600bilinear,MuensterDatabase
4711945737116_size_640_480_20140607_202937,skkuinyougDatabase
8076809513654_01_N95_2592x1944_scaledTo800x600bilinear,MuensterDatabase
8809164221922_size_640_480_20140607_202051,skkuinyougDatabase
8004020931773_PICT00sdf37,InsubriaDatabase1
4010468200320_01_N95_2592x1944_scaledTo800x600bilinear,MuensterDatabase
4306188114673_01_N95_2592x1944_scaledTo800x600bilinear,MuensterDatabase
3228170857409_1,openfoodDatabase
5029053016832_01_N95_2592x1944_scaledTo800x600bilinear,MuensterDatabase
2233400002673_2,openfoodDatabase
4008913810415_01_N95_2592x1944_scaledTo800x600bilinear,MuensterDatabase
4002644601724_01_N95_2592x1944_scaledTo800x600bilinear,MuensterDatabase
7290003044481_01_N95_2592x1944_scaledTo800x600bilinear,MuensterDatabase
2007002006212_01_N95_2592x1944_scaledTo800x600bilinear,MuensterDatabase
4005153031266_01_N95_2592x1944_scaledTo800x600bilinear,MuensterDatabase
4022622079802_01_N95_2592x1944_scaledTo800x600bilinear,MuensterDatabase
7891285150343_01_N95_2592x1944_scaledTo800x600bilinear,MuensterDatabase
8801069178042_size_640_480_20140607_202514,skkuinyougDatabase
4017026058867_02_N95_2592x1944_scaledTo800x600bilinear,MuensterDatabase
4013752021007_01_N95_2592x1944_scaledTo800x600bilinear,MuensterDatabase
0291439016735_2,openfoodDatabase
8802896003231_size_640_480_20140607_202908,skkuinyougDatabase
4015000529907_01_N95_2592x1944_scaledTo800x600bilinear,MuensterDatabase
2210187003598_02_N95_2592x1944_scaledTo800x600bilinear,MuensterDatabase
4009078659734_01_N95_2592x1944_scaledTo800x600bilinear,MuensterDatabase
4006333358814_02_N95_2592x1944_scaledTo800x600bilinear,MuensterDatabase
8437016945148_2,openfoodDatabase
4305615490205_2,openfoodDatabase
8023222032262_Foto(731),InsubriaDatabase2
8011642115887_PICT0030,InsubriaDatabase1
4902030187590_Foto(495),InsubriaDatabase2
4011097378145_01_N95_2592x1944_scaledTo800x600bilinear,MuensterDatabase
4002448024217_01_N95_2592x1944_scaledTo800x600bilinear,MuensterDatabase
7321925005431_Foto(858),InsubriaDatabase2
4005721080269_02_N95_2592x1944_scaledTo800x600bilinear,MuensterDatabase
8002330051617_Foto(546),InsubriaDatabase2
4305399064050_01_N95_2592x1944_scaledTo800x600bilinear,MuensterDatabase
4305399040207_01_N95_2592x1944_scaledTo800x600bilinear,MuensterDatabase
4007591591067_01_N95_2592x1944_scaledTo800x600bilinear,MuensterDatabase
4001956545016_01_N95_2592x1944_scaledTo800x600bilinear,MuensterDatabase
9780441014989_ean13_4_18,zxingDatabase
4005009003003_01_N95_2592x1944_scaledTo800x600bilinear,MuensterDatabase
9781585730575_ean13_3_37,zxingDatabase
4007965013003_01_N95_2592x1944_scaledTo800x600bilinear,MuensterDatabase
8801207041115_size_640_480_20140607_202535,skkuinyougDatabase
8801047448563_size_640_480_20140607_202459,skkuinyougDatabase
8805610311254_size_640_480_20140607_204127,skkuinyougDatabase
8011642111896_Foto(479),InsubriaDatabase2
7322540290936_01_N95_2592x1944_scaledTo800x600bilinear,MuensterDatabase
8002330098063_Foto(549),InsubriaDatabase2
2424503026448_1,openfoodDatabase
8002330051617_05102009209,InsubriaDatabase1
4004841705007_01_N95_2592x1944_scaledTo800x600bilinear,MuensterDatabase
8005235212442_Foto(782),InsubriaDatabase2
4013307328971_01_N95_2592x1944_scaledTo800x600bilinear,MuensterDatabase
4002940380583_01_N95_2592x1944_scaledTo800x600bilinear,MuensterDatabase
8076809529457_01_N95_2592x1944_scaledTo800x600bilinear,MuensterDatabase
4000339036721_01_N95_2592x1944_scaledTo800x600bilinear,MuensterDatabase
8717163581407_01_N95_2592x1944_scaledTo800x600bilinear,MuensterDatabase
8801069182865_size_640_480_20140607_202611,skkuinyougDatabase
4004025056857_01_N95_2592x1944_scaledTo800x600bilinear,MuensterDatabase
7321925005431_Foto(802),InsubriaDatabase2
5050083170188_Foto(556),InsubriaDatabase2
4001499130755_01_N95_2592x1944_scaledTo800x600bilinear,MuensterDatabase
4001845525266_01_N95_2592x1944_scaledTo800x600bilinear,MuensterDatabase
8005283002354_05102009169,InsubriaDatabase1
8002030140680_05102009166,InsubriaDatabase1
4902030187590_05102009129,InsubriaDatabase1
4001133929516_01_N95_2592x1944_scaledTo800x600bilinear,MuensterDatabase
8410465006707_1,openfoodDatabase
5201815331227_ean13_1_12,zxingDatabase
8024559002362_01_N95_2592x1944_scaledTo800x600bilinear,MuensterDatabase
4005009001627_01_N95_2592x1944_scaledTo800x600bilinear,MuensterDatabase
7610900013913_2,openfoodDatabase
5010677714006_01_N95_2592x1944_scaledTo800x600bilinear,MuensterDatabase
4003735710295_01_N95_2592x1944_scaledTo800x600bilinear,MuensterDatabase
5000119102263_size_640_480_20140607_201106,skkuinyougDatabase
4005808010707_01_N95_2592x1944_scaledTo800x600bilinear,MuensterDatabase
4002448018360_01_N95_2592x1944_scaledTo800x600bilinear,MuensterDatabase
7616500647114_size_640_480_20140607_201913,skkuinyougDatabase
9780441014989_ean13_4_08,zxingDatabase
4021600152100_01_N95_2592x1944_scaledTo800x600bilinear,MuensterDatabase
4000286216979_01_N95_2592x1944_scaledTo800x600bilinear,MuensterDatabase
4000869060098_02_N95_2592x1944_scaledTo800x600bilinear,MuensterDatabase
4007123045501_01_N95_2592x1944_scaledTo800x600bilinear,MuensterDatabase
4002064408750_01_N95_2592x1944_scaledTo800x600bilinear,MuensterDatabase
9784872348880_ean13_2_25,zxingDatabase
4005808850907_01_N95_2592x1944_scaledTo800x600bilinear,MuensterDatabase
8004020931773_05102009155,InsubriaDatabase1
4902030024888_PICT0027,InsubriaDatabase1
9780804816632_ean13_2_07,zxingDatabase
8004150100070_Foto(539),InsubriaDatabase2
7310791192185_01_N95_2592x1944_scaledTo800x600bilinear,MuensterDatabase
0247534029262_2,openfoodDatabase
7318305696006_01_N95_2592x1944_scaledTo800x600bilinear,MuensterDatabase
4013300034749_01_N95_2592x1944_scaledTo800x600bilinear,MuensterDatabase
8801037086942_size_640_480_20140607_202617,skkuinyougDatabase
8011642115887_Foto(733),InsubriaDatabase2
8002030140680_05102009168,InsubriaDatabase1
3462800000302_2,openfoodDatabase
4002859217215_01_N95_2592x1944_scaledTo800x600bilinear,MuensterDatabase
5000174473728_01_N95_2592x1944_scaledTo800x600bilinear,MuensterDatabase
4004353016950_01_N95_2592x1944_scaledTo800x600bilinear,MuensterDatabase
4305399070501_01_N95_2592x1944_scaledTo800x600bilinear,MuensterDatabase
8011642115887_Foto(406),InsubriaDatabase2
4305399016004_01_N95_2592x1944_scaledTo800x600bilinear,MuensterDatabase
8002330024451_Foto(712),InsubriaDatabase2
8001410088710_05102009227,InsubriaDatabase1
4305399063558_02_N95_2592x1944_scaledTo800x600bilinear,MuensterDatabase
4001044170182_01_N95_2592x1944_scaledTo800x600bilinear,MuensterDatabase
8011642115887_Foto(741),InsubriaDatabase2
4007552306105_01_N95_2592x1944_scaledTo800x600bilinear,MuensterDatabase
4009418149161_01_N95_2592x1944_scaledTo800x600bilinear,MuensterDatabase
9780804816632_ean13_2_03,zxingDatabase
4005808811519_01_N95_2592x1944_scaledTo800x600bilinear,MuensterDatabase
7321925005431_Foto(801),InsubriaDatabase2
4008913876503_01_N95_2592x1944_scaledTo800x600bilinear,MuensterDatabase
4067700011022_02_N95_2592x1944_scaledTo800x600bilinear,MuensterDatabase
4009290058117_01_N95_2592x1944_scaledTo800x600bilinear,MuensterDatabase
7321925005431_06102009250,InsubriaDatabase1
4015400141228_01_N95_2592x1944_scaledTo800x600bilinear,MuensterDatabase
4023900533818_01_N95_2592x1944_scaledTo800x600bilinear,MuensterDatabase
4005568700900_01_N95_2592x1944_scaledTo800x600bilinear,MuensterDatabase
8023222032262_Foto(507),InsubriaDatabase2
4902030024888_PICT0019,InsubriaDatabase1
3574660026948_01_N95_2592x1944_scaledTo800x600bilinear,MuensterDatabase
4009017068566_01_N95_2592x1944_scaledTo800x600bilinear,MuensterDatabase
9784872348880_ean13_2_27,zxingDatabase
4008666700902_01_N95_2592x1944_scaledTo800x600bilinear,MuensterDatabase
5412253842095_01_N95_2592x1944_scaledTo800x600bilinear,MuensterDatabase
5029053522289_01_N95_2592x1944_scaledTo800x600bilinear,MuensterDatabase
0206028035554_1,openfoodDatabase
9006936019568_01_N95_2592x1944_scaledTo800x600bilinear,MuensterDatabase
4043002362154_01_N95_2592x1944_scaledTo800x600bilinear,MuensterDatabase
0215861038509_1,openfoodDatabase
4021472007010_01_N95_2592x1944_scaledTo800x600bilinear,MuensterDatabase
9780679601050_ean13_5_03,zxingDatabase
4000492502415_01_N95_2592x1944_scaledTo800x600bilinear,MuensterDatabase
4006387009311_01_N95_2592x1944_scaledTo800x600bilinear,MuensterDatabase
7321925005431_Foto(847),InsubriaDatabase2
0051122414831_Foto(776),InsubriaDatabase2
9780596008574_ean13_3_11,zxingDatabase
4001608023510_02_N95_2592x1944_scaledTo800x600bilinear,MuensterDatabase
8016419007006_01_N95_2592x1944_scaledTo800x600bilinear,MuensterDatabase
8002266000017_01_N95_2592x1944_scaledTo800x600bilinear,MuensterDatabase
0051122414831_Foto(767),InsubriaDatabase2
0282925055468_01_N95_2592x1944_scaledTo800x600bilinear,MuensterDatabase
8801753000918_size_640_480_20140607_202602,skkuinyougDatabase
4009932005837_01_N95_2592x1944_scaledTo800x600bilinear,MuensterDatabase
8715186854218_01_N95_2592x1944_scaledTo800x600bilinear,MuensterDatabase
4017026058867_01_N95_2592x1944_scaledTo800x600bilinear,MuensterDatabase
4043002159594_01_N95_2592x1944_scaledTo800x600bilinear,MuensterDatabase
4006724670013_01_N95_2592x1944_scaledTo800x600bilinear,MuensterDatabase
8809215560857_size_640_480_20140607_202202,skkuinyougDatabase
7318305786042_01_N95_2592x1944_scaledTo800x600bilinear,MuensterDatabase
8801074330350_size_640_480_20140607_203023,skkuinyougDatabase
8711500600400_01_N95_2592x1944_scaledTo800x600bilinear,MuensterDatabase
4902580453022_05102009110,InsubriaDatabase1
4001683001335_01_N95_2592x1944_scaledTo800x600bilinear,MuensterDatabase
4016900177489_01_N95_2592x1944_scaledTo800x600bilinear,MuensterDatabase
8002330051617_05102009207,InsubriaDatabase1
3417549311288_1,openfoodDatabase
0282925037198_01_N95_2592x1944_scaledTo800x600bilinear,MuensterDatabase
8809367220456_size_640_480_20140607_204140,skkuinyougDatabase
3264057554320_2,openfoodDatabase
9780201310054_ean13_3_32,zxingDatabase
4018047000101_01_N95_2592x1944_scaledTo800x600bilinear,MuensterDatabase
8411030051085_01_N95_2592x1944_scaledTo800x600bilinear,MuensterDatabase
4007801107736_01_N95_2592x1944_scaledTo800x600bilinear,MuensterDatabase
4007591570277_01_N95_2592x1944_scaledTo800x600bilinear,MuensterDatabase
4023900430018_01_N95_2592x1944_scaledTo800x600bilinear,MuensterDatabase
8001960123411_05102009131,InsubriaDatabase1
8801037022186_size_640_480_20140607_202631,skkuinyougDatabase
9781585730575_ean13_3_36,zxingDatabase
4011200295901_01_N95_2592x1944_scaledTo800x600bilinear,MuensterDatabase
4001499143694_01_N95_2592x1944_scaledTo800x600bilinear,MuensterDatabase
4021472052027_02_N95_2592x1944_scaledTo800x600bilinear,MuensterDatabase
9780345460950_ean13_5_08,zxingDatabase
4003548078537_01_N95_2592x1944_scaledTo800x600bilinear,MuensterDatabase
4005404003028_PICT0003,InsubriaDatabase1
9780201310054_ean13_3_30,zxingDatabase
4004849218301_01_N95_2592x1944_scaledTo800x600bilinear,MuensterDatabase
8002205319804_05102009175,InsubriaDatabase1
2007001857297_01_N95_2592x1944_scaledTo800x600bilinear,MuensterDatabase
3083680012294_01_N95_2592x1944_scaledTo800x600bilinear,MuensterDatabase
4015000012829_01_N95_2592x1944_scaledTo800x600bilinear,MuensterDatabase
8005235212442_Foto(794),InsubriaDatabase2
8002205319804_05102009179,InsubriaDatabase1
4000508045752_02_N95_2592x1944_scaledTo800x600bilinear,MuensterDatabase
3434730707835_05102009142,InsubriaDatabase1
3538280842593_2,openfoodDatabase
4305615490212_2,openfoodDatabase
8801037022186_size_640_480_20140607_202635,skkuinyougDatabase
4005556271306_01_N95_2592x1944_scaledTo800x600bilinear,MuensterDatabase
4001608203981_01_N95_2592x1944_scaledTo800x600bilinear,MuensterDatabase
3275461000921_1,openfoodDatabase
8801115114260_size_640_480_20140607_202541,skkuinyougDatabase
8001960123411_05102009135,InsubriaDatabase1
4028665001466_01_N95_2592x1944_scaledTo800x600bilinear,MuensterDatabase
5000213002834_ean13_1_37,zxingDatabase
8410773001845_01_N95_2592x1944_scaledTo800x600bilinear,MuensterDatabase
8801133090669_size_640_480_20140607_202855,skkuinyougDatabase
4013200881139_01_N95_2592x1944_scaledTo800x600bilinear,MuensterDatabase
8801037053432_size_640_480_20140607_202353,skkuinyougDatabase
4009071037508_01_N95_2592x1944_scaledTo800x600bilinear,MuensterDatabase
4008033492010_01_N95_2592x1944_scaledTo800x600bilinear,MuensterDatabase
8076809521543_01_N95_2592x1944_scaledTo800x600bilinear,MuensterDatabase
4006000815312_01_N95_2592x1944_scaledTo800x600bilinear,MuensterDatabase
4006638000784_02_N95_2592x1944_scaledTo800x600bilinear,MuensterDatabase
8710456004119_01_N95_2592x1944_scaledTo800x600bilinear,MuensterDatabase
8011642111896_Foto(828),InsubriaDatabase2
4005800225062_01_N95_2592x1944_scaledTo800x600bilinear,MuensterDatabase
9781585730575_ean13_3_42,zxingDatabase
7321925005431_Foto(800),InsubriaDatabase2
8024559002379_01_N95_2592x1944_scaledTo800x600bilinear,MuensterDatabase
4017805064454_01_N95_2592x1944_scaledTo800x600bilinear,MuensterDatabase
8002330051617_Foto(719),InsubriaDatabase2
8011642111896_Foto(480),InsubriaDatabase2
4022927028710_01_N95_2592x1944_scaledTo800x600bilinear,MuensterDatabase
4078500290807_01_N95_2592x1944_scaledTo800x600bilinear,MuensterDatabase
4260089611979_01_N95_2592x1944_scaledTo800x600bilinear,MuensterDatabase
3523320200136_2,openfoodDatabase
5012254112595_PICT0dfs038,InsubriaDatabase1
8002330024451_Foto(713),InsubriaDatabase2
4305399048906_01_N95_2592x1944_scaledTo800x600bilinear,MuensterDatabase
8002330112752_05102009194,InsubriaDatabase1
3700175002591_1,openfoodDatabase
8000990120193_Foto(533),InsubriaDatabase2
4902030194376_01_N95_2592x1944_scaledTo800x600bilinear,MuensterDatabase
8411135441019_PICT00sdf27,InsubriaDatabase1
9780596008574_ean13_3_12,zxingDatabase
4008789046598_01_N95_2592x1944_scaledTo800x600bilinear,MuensterDatabase
3600540365576_02_N95_2592x1944_scaledTo800x600bilinear,MuensterDatabase
4305399072307_01_N95_2592x1944_scaledTo800x600bilinear,MuensterDatabase
9780201310054_ean13_3_22,zxingDatabase
3600540365576_01_N95_2592x1944_scaledTo800x600bilinear,MuensterDatabase
4306188027683_01_N95_2592x1944_scaledTo800x600bilinear,MuensterDatabase
4102670550000_01_N95_2592x1944_scaledTo800x600bilinear,MuensterDatabase
8715186853815_01_N95_2592x1944_scaledTo800x600bilinear,MuensterDatabase
4041500058029_01_N95_2592x1944_scaledTo800x600bilinear,MuensterDatabase
4000680703266_01_N95_2592x1944_scaledTo800x600bilinear,MuensterDatabase
4017826013004_01_N95_2592x1944_scaledTo800x600bilinear,MuensterDatabase
4037300108460_01_N95_2592x1944_scaledTo800x600bilinear,MuensterDatabase
8801005013116_size_640_480_20140607_202851,skkuinyougDatabase
5410683018059_01_N95_2592x1944_scaledTo800x600bilinear,MuensterDatabase
5000112547689_01_N95_2592x1944_scaledTo800x600bilinear,MuensterDatabase
4305399052507_01_N95_2592x1944_scaledTo800x600bilinear,MuensterDatabase
4001133245814_01_N95_2592x1944_scaledTo800x600bilinear,MuensterDatabase
5011417537930_01_N95_2592x1944_scaledTo800x600bilinear,MuensterDatabase
4043002339781_01_N95_2592x1944_scaledTo800x600bilinear,MuensterDatabase
5414522822562_01_N95_2592x1944_scaledTo800x600bilinear,MuensterDatabase
7610928012073_01_N95_2592x1944_scaledTo800x600bilinear,MuensterDatabase
4000492512476_01_N95_2592x1944_scaledTo800x600bilinear,MuensterDatabase
792850891999_size_640_480_20140607_203932,skkuinyougDatabase
3434730707835_05102009141,InsubriaDatabase1
8005235212442_Foto(790),InsubriaDatabase2
2000354891802_02_N95_2592x1944_scaledTo800x600bilinear,MuensterDatabase
8805123794025_size_640_480_20140607_204041,skkuinyougDatabase
5010677024204_01_N95_2592x1944_scaledTo800x600bilinear,MuensterDatabase
3390124001852_1,openfoodDatabase
9780345348036_ean13_2_08,zxingDatabase
8801062712809_size_640_480_20140607_202740,skkuinyougDatabase
7392254483498_01_N95_2592x1944_scaledTo800x600bilinear,MuensterDatabase
2007002164479_01_N95_2592x1944_scaledTo800x600bilinear,MuensterDatabase
4002448408314_01_N95_2592x1944_scaledTo800x600bilinear,MuensterDatabase
7615400735518_01_N95_2592x1944_scaledTo800x600bilinear,MuensterDatabase
7891285356646_01_N95_2592x1944_scaledTo800x600bilinear,MuensterDatabase
4047584005591_01_N95_2592x1944_scaledTo800x600bilinear,MuensterDatabase
8809304811969_size_640_480_20140607_203537,skkuinyougDatabase
4004353036507_01_N95_2592x1944_scaledTo800x600bilinear,MuensterDatabase
4011800109318_01_N95_2592x1944_scaledTo800x600bilinear,MuensterDatabase
880117760601_size_640_480_20140607_202323,skkuinyougDatabase
4002448006473_01_N95_2592x1944_scaledTo800x600bilinear,MuensterDatabase
4006885345300_01_N95_2592x1944_scaledTo800x600bilinear,MuensterDatabase
8002330051617_05102009215,InsubriaDatabase1
4007764691464_02_N95_2592x1944_scaledTo800x600bilinear,MuensterDatabase
4210101339305_01_N95_2592x1944_scaledTo800x600bilinear,MuensterDatabase
4306188024408_01_N95_2592x1944_scaledTo800x600bilinear,MuensterDatabase
9780201310054_ean13_3_27,zxingDatabase
9780441014989_ean13_4_14,zxingDatabase
4006160629583_01_N95_2592x1944_scaledTo800x600bilinear,MuensterDatabase
8001960123411_05102009133,InsubriaDatabase1
4011879642938_01_N95_2592x1944_scaledTo800x600bilinear,MuensterDatabase
4008934890021_01_N95_2592x1944_scaledTo800x600bilinear,MuensterDatabase
8801753000918_size_640_480_20140607_202559,skkuinyougDatabase
4012200039250_01_N95_2592x1944_scaledTo800x600bilinear,MuensterDatabase
4014472002505_01_N95_2592x1944_scaledTo800x600bilinear,MuensterDatabase
4902030187590_Foto(724),InsubriaDatabase2
4306517037352_01_N95_2592x1944_scaledTo800x600bilinear,MuensterDatabase
4005500310105_01_N95_2592x1944_scaledTo800x600bilinear,MuensterDatabase
9780679601050_ean13_5_01,zxingDatabase
4008429006289_01_N95_2592x1944_scaledTo800x600bilinear,MuensterDatabase
4902580453022_05102009111,InsubriaDatabase1
4005800402968_01_N95_2592x1944_scaledTo800x600bilinear,MuensterDatabase
3389090003342_2,openfoodDatabase
4026400204462_01_N95_2592x1944_scaledTo800x600bilinear,MuensterDatabase
9780735619937_ean13_3_49,zxingDatabase
4006431011413_02_N95_2592x1944_scaledTo800x600bilinear,MuensterDatabase
8011642115887_PICT0038,InsubriaDatabase1
3260890000499_1,openfoodDatabase
8005235212442_Foto(784),InsubriaDatabase2
4008617030935_01_N95_2592x1944_scaledTo800x600bilinear,MuensterDatabase
8715700017006_01_N95_2592x1944_scaledTo800x600bilinear,MuensterDatabase
9322214006229_01_N95_2592x1944_scaledTo800x600bilinear,MuensterDatabase
9780201752847_ean13_1_38,zxingDatabase
8801111113205_size_640_480_20140607_202128,skkuinyougDatabase
3181731138013_01_N95_2592x1944_scaledTo800x600bilinear,MuensterDatabase
9781585730575_ean13_3_39,zxingDatabase
0051122414831_Foto(770),InsubriaDatabase2
8805123800276_size_640_480_20140607_204109,skkuinyougDatabase
4006874037346_02_N95_2592x1944_scaledTo800x600bilinear,MuensterDatabase
8801117109400_size_640_480_20140607_201141,skkuinyougDatabase
5449000039231_ean13_1_4,zxingDatabase
8005235212442_Foto(780),InsubriaDatabase2
4006395692093_01_N95_2592x1944_scaledTo800x600bilinear,MuensterDatabase
8715169005026_01_N95_2592x1944_scaledTo800x600bilinear,MuensterDatabase
7613030721123_01_N95_2592x1944_scaledTo800x600bilinear,MuensterDatabase
2000271224486_01_N95_2592x1944_scaledTo800x600bilinear,MuensterDatabase
4902950111873_02_N95_2592x1944_scaledTo800x600bilinear,MuensterDatabase
3574660237870_01_N95_2592x1944_scaledTo800x600bilinear,MuensterDatabase
8809030491039_size_640_480_20140607_204014,skkuinyougDatabase
4005781152197_01_N95_2592x1944_scaledTo800x600bilinear,MuensterDatabase
4008491217255_01_N95_2592x1944_scaledTo800x600bilinear,MuensterDatabase
4002644601755_01_N95_2592x1944_scaledTo800x600bilinear,MuensterDatabase
4902030187590_05102009082,InsubriaDatabase1
7311518034399_01_N95_2592x1944_scaledTo800x600bilinear,MuensterDatabase
4005781155112_01_N95_2592x1944_scaledTo800x600bilinear,MuensterDatabase
4037300108378_01_N95_2592x1944_scaledTo800x600bilinear,MuensterDatabase
4013200881559_01_N95_2592x1944_scaledTo800x600bilinear,MuensterDatabase
8002205319804_05102009184,InsubriaDatabase1
4002473960450_01_N95_2592x1944_scaledTo800x600bilinear,MuensterDatabase
9781585730575_ean13_3_38,zxingDatabase
8805610303464_size_640_480_20140607_204115,skkuinyougDatabase
4902030187590_05102009083,InsubriaDatabase1
4006724670013_02_N95_2592x1944_scaledTo800x600bilinear,MuensterDatabase
9780441014989_ean13_4_01,zxingDatabase
8011642111896_Foto(818),InsubriaDatabase2
3434730707835_PICawdT0024,InsubriaDatabase1
5412253972778_01_N95_2592x1944_scaledTo800x600bilinear,MuensterDatabase
4026396001113_01_N95_2592x1944_scaledTo800x600bilinear,MuensterDatabase
4902030024888_PICT0025,InsubriaDatabase1
9780596008574_ean13_3_19,zxingDatabase
8801069177250_size_640_480_20140607_202545,skkuinyougDatabase
8002330051617_05102009206,InsubriaDatabase1
9780441014989_ean13_4_15,zxingDatabase
4043002288096_01_N95_2592x1944_scaledTo800x600bilinear,MuensterDatabase
4005696301642_1,openfoodDatabase
4005404003028_PICT0004,InsubriaDatabase1
2875408029247_01_N95_2592x1944_scaledTo800x600bilinear,MuensterDatabase
4210201794110_01_N95_2592x1944_scaledTo800x600bilinear,MuensterDatabase
7321925005431_Foto(853),InsubriaDatabase2
8002330112752_05102009193,InsubriaDatabase1
880104624956_size_640_480_20140607_203812,skkuinyougDatabase
8002330051617_Foto(715),InsubriaDatabase2
7321925005431_06102009245,InsubriaDatabase1
8805610314033_size_640_480_20140607_204118,skkuinyougDatabase
3434730707835_05102009137,InsubriaDatabase1
4006333380914_01_N95_2592x1944_scaledTo800x600bilinear,MuensterDatabase
4005009004123_01_N95_2592x1944_scaledTo800x600bilinear,MuensterDatabase
4003780119739_01_N95_2592x1944_scaledTo800x600bilinear,MuensterDatabase
9780345348036_ean13_2_11,zxingDatabase
4006952002204_01_N95_2592x1944_scaledTo800x600bilinear,MuensterDatabase
8804612002917_size_640_480_20140607_203428,skkuinyougDatabase
4007141104433_01_N95_2592x1944_scaledTo800x600bilinear,MuensterDatabase
8002205319804_05102009178,InsubriaDatabase1
7321925005431_Foto(798),InsubriaDatabase2
9780441014989_ean13_4_21,zxingDatabase
7622400421730_01_N95_2592x1944_scaledTo800x600bilinear,MuensterDatabase
3448550008010_2,openfoodDatabase
8801005213127_size_640_480_20140607_202103,skkuinyougDatabase
4008837218151_01_N95_2592x1944_scaledTo800x600bilinear,MuensterDatabase
4000870984611_01_N95_2592x1944_scaledTo800x600bilinear,MuensterDatabase
2003890463007_01_N95_2592x1944_scaledTo800x600bilinear,MuensterDatabase
8004020931773_05102009157,InsubriaDatabase1
3123931280338_1,openfoodDatabase
4902580453022_05102009106,InsubriaDatabase1
4013162006656_01_N95_2592x1944_scaledTo800x600bilinear,MuensterDatabase
4011315018129_01_N95_2592x1944_scaledTo800x600bilinear,MuensterDatabase
4013521231439_01_N95_2592x1944_scaledTo800x600bilinear,MuensterDatabase
4902030187590_PICT0009,InsubriaDatabase1
4016364011725_01_N95_2592x1944_scaledTo800x600bilinear,MuensterDatabase
5760466118798_01_N95_2592x1944_scaledTo800x600bilinear,MuensterDatabase
8801062279838_size_640_480_20140607_200907,skkuinyougDatabase
8002205319804_05102009183,InsubriaDatabase1
8005235212442_Foto(700),InsubriaDatabase2
4008666206503_02_N95_2592x1944_scaledTo800x600bilinear,MuensterDatabase
4002940470055_01_N95_2592x1944_scaledTo800x600bilinear,MuensterDatabase
4902520242204_05102009120,InsubriaDatabase1
3228881002631_Foto(535),InsubriaDatabase2
8005235212442_Foto(789),InsubriaDatabase2
4012092269056_01_N95_2592x1944_scaledTo800x600bilinear,MuensterDatabase
4078500135405_01_N95_2592x1944_scaledTo800x600bilinear,MuensterDatabase
4040600989202_01_N95_2592x1944_scaledTo800x600bilinear,MuensterDatabase
9780201310054_ean13_3_28,zxingDatabase
8002330051617_Foto(717),InsubriaDatabase2
8002330051617_Foto(718),InsubriaDatabase2
8005235212442_Foto(706),InsubriaDatabase2
8002330112752_05102009192,InsubriaDatabase1
4004353003721_01_N95_2592x1944_scaledTo800x600bilinear,MuensterDatabase
3574660322590_01_N95_2592x1944_scaledTo800x600bilinear,MuensterDatabase
2007002124862_01_N95_2592x1944_scaledTo800x600bilinear,MuensterDatabase
8005283002354_05102009172,InsubriaDatabase1
4100440007129_01_N95_2592x1944_scaledTo800x600bilinear,MuensterDatabase
4045095160822_01_N95_2592x1944_scaledTo800x600bilinear,MuensterDatabase
9780596008574_ean13_3_15,zxingDatabase
7321925005431_Foto(840),InsubriaDatabase2
9780140013993_ean13_1_25,zxingDatabase
4902030132293_Foto(573),InsubriaDatabase2
8002330051617_05102009210,InsubriaDatabase1
2007001491293_01_N95_2592x1944_scaledTo800x600bilinear,MuensterDatabase
4013200882013_01_N95_2592x1944_scaledTo800x600bilinear,MuensterDatabase
8011642115887_PICT0039,InsubriaDatabase1
8011642115887_PICT0032,InsubriaDatabase1
3565270011769_2,openfoodDatabase
3434730707835_PICT0026,InsubriaDatabase1
3574660036671_01_N95_2592x1944_scaledTo800x600bilinear,MuensterDatabase
4005808801046_05102009160,InsubriaDatabase1
4002718326287_01_N95_2592x1944_scaledTo800x600bilinear,MuensterDatabase
0637913356506_2,openfoodDatabase
4000508045752_01_N95_2592x1944_scaledTo800x600bilinear,MuensterDatabase
4008789044983_01_N95_2592x1944_scaledTo800x600bilinear,MuensterDatabase
4017026055484_01_N95_2592x1944_scaledTo800x600bilinear,MuensterDatabase
8023222032262_05102009105,InsubriaDatabase1
0040000498582_1,openfoodDatabase
4037300102437_01_N95_2592x1944_scaledTo800x600bilinear,MuensterDatabase
4043002419520_01_N95_2592x1944_scaledTo800x600bilinear,MuensterDatabase
8005235212442_Foto(704),InsubriaDatabase2
4305399071201_01_N95_2592x1944_scaledTo800x600bilinear,MuensterDatabase
4015000012416_02_N95_2592x1944_scaledTo800x600bilinear,MuensterDatabase
4046871000370_01_N95_2592x1944_scaledTo800x600bilinear,MuensterDatabase
7321925005431_Foto(836),InsubriaDatabase2
4007988067489_01_N95_2592x1944_scaledTo800x600bilinear,MuensterDatabase
8011642115962_Foto(483),InsubriaDatabase2
4001478002745_01_N95_2592x1944_scaledTo800x600bilinear,MuensterDatabase
4210201212867_01_N95_2592x1944_scaledTo800x600bilinear,MuensterDatabase
4013197767010_2,openfoodDatabase
3144550019369_2,openfoodDatabase
4009300505341_PICT00gfhh38,InsubriaDatabase1
8001410088710_Foto(714),InsubriaDatabase2
4027131041401_01_N95_2592x1944_scaledTo800x600bilinear,MuensterDatabase
4902520242204_Foto(756),InsubriaDatabase2
4902030187590_PICT0016,InsubriaDatabase1
1920081045006_ean13_2_23,zxingDatabase
8023222032262_Foto(510),InsubriaDatabase2
8801037089639_size_640_480_20140607_202425,skkuinyougDatabase
3560070169443_ean13_1_14,zxingDatabase
4062400542081_01_N95_2592x1944_scaledTo800x600bilinear,MuensterDatabase
8717163559802_01_N95_2592x1944_scaledTo800x600bilinear,MuensterDatabase
4000400002204_01_N95_2592x1944_scaledTo800x600bilinear,MuensterDatabase
4062800002604_01_N95_2592x1944_scaledTo800x600bilinear,MuensterDatabase
9780201310054_ean13_3_25,zxingDatabase
4905524449563_01_N95_2592x1944_scaledTo800x600bilinear,MuensterDatabase
4000400001849_01_N95_2592x1944_scaledTo800x600bilinear,MuensterDatabase
0051122414831_Foto(774),InsubriaDatabase2
3770008126008_1,openfoodDatabase
8005235212442_Foto(791),InsubriaDatabase2
7321925005431_Foto(852),InsubriaDatabase2
4002644614038_01_N95_2592x1944_scaledTo800x600bilinear,MuensterDatabase
4902030195397_Foto(697),InsubriaDatabase2
8809390460188_size_640_480_20140607_202921,skkuinyougDatabase
8801083017532_size_640_480_20140607_201315,skkuinyougDatabase
5411183072916_01_N95_2592x1944_scaledTo800x600bilinear,MuensterDatabase
3264057554320_1,openfoodDatabase
8002330051617_05102009212,InsubriaDatabase1
8801115381242_size_640_480_20140607_202623,skkuinyougDatabase
7321925005431_Foto(804),InsubriaDatabase2
8011642115887_Foto(692),InsubriaDatabase2
4005941000672_01_N95_2592x1944_scaledTo800x600bilinear,MuensterDatabase
4078500812504_01_N95_2592x1944_scaledTo800x600bilinear,MuensterDatabase
9780446579803_ean13_5_18,zxingDatabase
4001133838627_01_N95_2592x1944_scaledTo800x600bilinear,MuensterDatabase
4006431011413_01_N95_2592x1944_scaledTo800x600bilinear,MuensterDatabase
4001608204131_01_N95_2592x1944_scaledTo800x600bilinear,MuensterDatabase
4009078659918_01_N95_2592x1944_scaledTo800x600bilinear,MuensterDatabase
4001743079250_01_N95_2592x1944_scaledTo800x600bilinear,MuensterDatabase
8002330002534_PICT00ghhgh26,InsubriaDatabase1
4005941001983_02_N95_2592x1944_scaledTo800x600bilinear,MuensterDatabase
0253097015413_2,openfoodDatabase
5411361332504_2,openfoodDatabase
8801114120460_size_640_480_20140607_203032,skkuinyougDatabase
8011642111896_Foto(816),InsubriaDatabase2
8002330051617_Foto(720),InsubriaDatabase2
4714449096116_01_N95_2592x1944_scaledTo800x600bilinear,MuensterDatabase
5029053009834_01_N95_2592x1944_scaledTo800x600bilinear,MuensterDatabase
4008455004280_01_N95_2592x1944_scaledTo800x600bilinear,MuensterDatabase
4902520242204_Foto(750),InsubriaDatabase2
3390122203951_1,openfoodDatabase
4005808198863_01_N95_2592x1944_scaledTo800x600bilinear,MuensterDatabase
4902030187590_Foto(496),InsubriaDatabase2
0051122414831_Foto(769),InsubriaDatabase2
4000159545014_01_N95_2592x1944_scaledTo800x600bilinear,MuensterDatabase
4002644601441_01_N95_2592x1944_scaledTo800x600bilinear,MuensterDatabase
9784872348880_ean13_2_15,zxingDatabase
4007237018187_01_N95_2592x1944_scaledTo800x600bilinear,MuensterDatabase
8714789078687_01_N95_2592x1944_scaledTo800x600bilinear,MuensterDatabase
8801068085754_size_640_480_20140607_202751,skkuinyougDatabase
8002205319804_Foto(542),InsubriaDatabase2
4008789044914_01_N95_2592x1944_scaledTo800x600bilinear,MuensterDatabase
8002330098063_Foto(552),InsubriaDatabase2
8711482028209_01_N95_2592x1944_scaledTo800x600bilinear,MuensterDatabase
4001518006450_01_N95_2592x1944_scaledTo800x600bilinear,MuensterDatabase
4006521008064_01_N95_2592x1944_scaledTo800x600bilinear,MuensterDatabase
8002330097875_Foto(505),InsubriaDatabase2
4002859580111_01_N95_2592x1944_scaledTo800x600bilinear,MuensterDatabase
4000602004501_01_N95_2592x1944_scaledTo800x600bilinear,MuensterDatabase
4009078659925_01_N95_2592x1944_scaledTo800x600bilinear,MuensterDatabase
9780345348036_ean13_2_12,zxingDatabase
8005283001951_PICT00gfh11,InsubriaDatabase1
3700175002591_2,openfoodDatabase
4006010222223_01_N95_2592x1944_scaledTo800x600bilinear,MuensterDatabase
4044600084806_01_N95_2592x1944_scaledTo800x600bilinear,MuensterDatabase
4001133848619_01_N95_2592x1944_scaledTo800x600bilinear,MuensterDatabase
9780735619937_ean13_3_47,zxingDatabase
8005235212442_Foto(792),InsubriaDatabase2
4711945737109_size_640_480_20140607_202942,skkuinyougDatabase
4000539017100_ean13_1_20,zxingDatabase
8011642115962_Foto(686),InsubriaDatabase2
8011642111896_Foto(814),InsubriaDatabase2
4210201370208_01_N95_2592x1944_scaledTo800x600bilinear,MuensterDatabase
8024559000740_01_N95_2592x1944_scaledTo800x600bilinear,MuensterDatabase
7321925005431_Foto(854),InsubriaDatabase2
0811387017099_2,openfoodDatabase
4009390008135_01_N95_2592x1944_scaledTo800x600bilinear,MuensterDatabase
3700476830589_2,openfoodDatabase
4902030195397_Foto(698),InsubriaDatabase2
4967825561023_01_N95_2592x1944_scaledTo800x600bilinear,MuensterDatabase
4005808650507_05_N95_2592x1944_scaledTo800x600bilinear,MuensterDatabase
4005009001238_01_N95_2592x1944_scaledTo800x600bilinear,MuensterDatabase
4902030187590_PICT0015,InsubriaDatabase1
4015000012263_01_N95_2592x1944_scaledTo800x600bilinear,MuensterDatabase
4000188151736_01_N95_2592x1944_scaledTo800x600bilinear,MuensterDatabase
4001167799055_01_N95_2592x1944_scaledTo800x600bilinear,MuensterDatabase
5762385084932_01_N95_2592x1944_scaledTo800x600bilinear,MuensterDatabase
4037900020407_01_N95_2592x1944_scaledTo800x600bilinear,MuensterDatabase
8005495341005_PICT00gfhgfgh20,InsubriaDatabase1
8805123800344_size_640_480_20140607_204032,skkuinyougDatabase
4015000018418_01_N95_2592x1944_scaledTo800x600bilinear,MuensterDatabase
4000870036983_01_N95_2592x1944_scaledTo800x600bilinear,MuensterDatabase
4001133205511_01_N95_2592x1944_scaledTo800x600bilinear,MuensterDatabase
4902030187590_Foto(675),InsubriaDatabase2
3598580630047_01_N95_2592x1944_scaledTo800x600bilinear,MuensterDatabase
4902430353144_size_640_480_20140607_203704,skkuinyougDatabase
5410488025207_01_N95_2592x1944_scaledTo800x600bilinear,MuensterDatabase
8804246022428_size_640_480_20140607_203434,skkuinyougDatabase
4000290008195_01_N95_2592x1944_scaledTo800x600bilinear,MuensterDatabase
9780345460950_ean13_5_06,zxingDatabase
4000196015112_01_N95_2592x1944_scaledTo800x600bilinear,MuensterDatabase
8801068085754_size_640_480_20140607_202745,skkuinyougDatabase
8809102954257_size_640_480_20140607_202915,skkuinyougDatabase
7300400113465_01_N95_2592x1944_scaledTo800x600bilinear,MuensterDatabase
3261080112428_01_N95_2592x1944_scaledTo800x600bilinear,MuensterDatabase
4013307306092_01_N95_2592x1944_scaledTo800x600bilinear,MuensterDatabase
4009078659710_01_N95_2592x1944_scaledTo800x600bilinear,MuensterDatabase
4902888182532_size_640_480_20140607_202123,skkuinyougDatabase
8886015433123_size_640_480_20140607_201857,skkuinyougDatabase
4902030187590_05102009127,InsubriaDatabase1
7321925005431_Foto(837),InsubriaDatabase2
8002330051617_05102009203,InsubriaDatabase1
7321925005431_Foto(803),InsubriaDatabase2
3182550402538_01_N95_2592x1944_scaledTo800x600bilinear,MuensterDatabase
5029053021256_01_N95_2592x1944_scaledTo800x600bilinear,MuensterDatabase
4006639318086_01_N95_2592x1944_scaledTo800x600bilinear,MuensterDatabase
4015000510851_01_N95_2592x1944_scaledTo800x600bilinear,MuensterDatabase
8801019307812_size_640_480_20140607_201155,skkuinyougDatabase
4008137002207_01_N95_2592x1944_scaledTo800x600bilinear,MuensterDatabase
4002940016215_01_N95_2592x1944_scaledTo800x600bilinear,MuensterDatabase
8023222032262_Foto(508),InsubriaDatabase2
0051122414831_Foto(768),InsubriaDatabase2
4005808650507_06_N95_2592x1944_scaledTo800x600bilinear,MuensterDatabase
4015588510441_01_N95_2592x1944_scaledTo800x600bilinear,MuensterDatabase
8000500285572_2,openfoodDatabase
8011642111896_Foto(824),InsubriaDatabase2
4002940199673_01_N95_2592x1944_scaledTo800x600bilinear,MuensterDatabase
3086126100326_ean13_1_18,zxingDatabase
4002874004371_01_N95_2592x1944_scaledTo800x600bilinear,MuensterDatabase
8001410088710_05102009225,InsubriaDatabase1
5413149006690_01_N95_2592x1944_scaledTo800x600bilinear,MuensterDatabase
4260089612594_01_N95_2592x1944_scaledTo800x600bilinear,MuensterDatabase
9780596008574_ean13_3_10,zxingDatabase
4000270905209_01_N95_2592x1944_scaledTo800x600bilinear,MuensterDatabase
4007111757317_01_N95_2592x1944_scaledTo800x600bilinear,MuensterDatabase
4000823061109_02_N95_2592x1944_scaledTo800x600bilinear,MuensterDatabase
8711500430168_01_N95_2592x1944_scaledTo800x600bilinear,MuensterDatabase
3428290000093_1,openfoodDatabase
3425470021008_1,openfoodDatabase
8809274514105_size_640_480_20140607_202442,skkuinyougDatabase
4006952002259_01_N95_2592x1944_scaledTo800x600bilinear,MuensterDatabase
4026400500137_01_N95_2592x1944_scaledTo800x600bilinear,MuensterDatabase
4004353019159_01_N95_2592x1944_scaledTo800x600bilinear,MuensterDatabase
9780345348036_ean13_2_09,zxingDatabase
4052400035218_01_N95_2592x1944_scaledTo800x600bilinear,MuensterDatabase
7321925005431_Foto(848),InsubriaDatabase2
4000445004829_01_N95_2592x1944_scaledTo800x600bilinear,MuensterDatabase
4006395324123_01_N95_2592x1944_scaledTo800x600bilinear,MuensterDatabase
8023222032262_Foto(680),InsubriaDatabase2
4011097192628_01_N95_2592x1944_scaledTo800x600bilinear,MuensterDatabase
4305399021251_01_N95_2592x1944_scaledTo800x600bilinear,MuensterDatabase
7321925005431_Foto(843),InsubriaDatabase2
5030159003930_ean13_1_35,zxingDatabase
9780441014989_ean13_4_10,zxingDatabase
3303640000537_2,openfoodDatabase
8023222032262_Foto(726),InsubriaDatabase2
8480010045062_ean13_1_6,zxingDatabase
9780441014989_ean13_4_16,zxingDatabase
4006638000784_01_N95_2592x1944_scaledTo800x600bilinear,MuensterDatabase
4000400139672_01_N95_2592x1944_scaledTo800x600bilinear,MuensterDatabase
4006313001167_01_N95_2592x1944_scaledTo800x600bilinear,MuensterDatabase
4820024790635_ean13_1_19,zxingDatabase
4003694852128_01_N95_2592x1944_scaledTo800x600bilinear,MuensterDatabase
4008617661009_03_N95_2592x1944_scaledTo800x600bilinear,MuensterDatabase
4902030187590_05102009126,InsubriaDatabase1
4714449063118_01_N95_2592x1944_scaledTo800x600bilinear,MuensterDatabase
4000516011053_02_N95_2592x1944_scaledTo800x600bilinear,MuensterDatabase
8076802085837_01_N95_2592x1944_scaledTo800x600bilinear,MuensterDatabase
9011500025043_01_N95_2592x1944_scaledTo800x600bilinear,MuensterDatabase
8001410088710_05102009224,InsubriaDatabase1
4007864350803_01_N95_2592x1944_scaledTo800x600bilinear,MuensterDatabase
4011097209562_01_N95_2592x1944_scaledTo800x600bilinear,MuensterDatabase
4013307328957_01_N95_2592x1944_scaledTo800x600bilinear,MuensterDatabase
4016598347027_01_N95_2592x1944_scaledTo800x600bilinear,MuensterDatabase
4902030195397_Foto(696),InsubriaDatabase2
3662852000415_3,openfoodDatabase
4002707164333_01_N95_2592x1944_scaledTo800x600bilinear,MuensterDatabase
4008233042433_01_N95_2592x1944_scaledTo800x600bilinear,MuensterDatabase
4005781145199_01_N95_2592x1944_scaledTo800x600bilinear,MuensterDatabase
4005500219101_01_N95_2592x1944_scaledTo800x600bilinear,MuensterDatabase
4008913823408_01_N95_2592x1944_scaledTo800x600bilinear,MuensterDatabase
9780804816632_ean13_2_04,zxingDatabase
9780764544200_ean13_3_07,zxingDatabase
0051122414831_Foto(760),InsubriaDatabase2
8002330098063_Foto(551),InsubriaDatabase2
8710581499026_01_N95_2592x1944_scaledTo800x600bilinear,MuensterDatabase
4008491224567_01_N95_2592x1944_scaledTo800x600bilinear,MuensterDatabase
8410104002954_01_N95_2592x1944_scaledTo800x600bilinear,MuensterDatabase
7321925005431_Foto(806),InsubriaDatabase2
4002025050387_01_N95_2592x1944_scaledTo800x600bilinear,MuensterDatabase
8809022410055_size_640_480_20140607_203311,skkuinyougDatabase
8809398200069_size_640_480_20140607_202843,skkuinyougDatabase
4003665361123_01_N95_2592x1944_scaledTo800x600bilinear,MuensterDatabase
5031021681331_size_640_480_20140607_201820,skkuinyougDatabase
4001432069531_01_N95_2592x1944_scaledTo800x600bilinear,MuensterDatabase
8001916002326_PICT0hhfhg011,InsubriaDatabase1
4021472052027_01_N95_2592x1944_scaledTo800x600bilinear,MuensterDatabase
8804453111984_size_640_480_20140607_203058,skkuinyougDatabase
4018047000170_01_N95_2592x1944_scaledTo800x600bilinear,MuensterDatabase
8027788361347_01_N95_2592x1944_scaledTo800x600bilinear,MuensterDatabase
4004353067273_01_N95_2592x1944_scaledTo800x600bilinear,MuensterDatabase
4000823061109_01_N95_2592x1944_scaledTo800x600bilinear,MuensterDatabase
7616500553699_size_640_480_20140607_201851,skkuinyougDatabase
5412253800941_01_N95_2592x1944_scaledTo800x600bilinear,MuensterDatabase
4001518007884_01_N95_2592x1944_scaledTo800x600bilinear,MuensterDatabase
4011333980309_01_N95_2592x1944_scaledTo800x600bilinear,MuensterDatabase
4902030187590_Foto(723),InsubriaDatabase2
4045800767308_01_N95_2592x1944_scaledTo800x600bilinear,MuensterDatabase
5000112547412_01_N95_2592x1944_scaledTo800x600bilinear,MuensterDatabase
4041500056025_01_N95_2592x1944_scaledTo800x600bilinear,MuensterDatabase
4250084940556_01_N95_2592x1944_scaledTo800x600bilinear,MuensterDatabase
4902030187590_Foto(487),InsubriaDatabase2
9780441014989_ean13_4_12,zxingDatabase
8801115114260_size_640_480_20140607_202538,skkuinyougDatabase
9555038903416_size_640_480_20140607_204051,skkuinyougDatabase
8410100017563_2,openfoodDatabase
8011642115887_Foto(740),InsubriaDatabase2
9780441014989_ean13_4_09,zxingDatabase
4022622078294_01_N95_2592x1944_scaledTo800x600bilinear,MuensterDatabase
4902030187590_PICT0010,InsubriaDatabase1
8801270000392_size_640_480_20140607_202135,skkuinyougDatabase
5410316296564_01_N95_2592x1944_scaledTo800x600bilinear,MuensterDatabase
4002940163544_01_N95_2592x1944_scaledTo800x600bilinear,MuensterDatabase
4008400721620_01_N95_2592x1944_scaledTo800x600bilinear,MuensterDatabase
4260281370674_2,openfoodDatabase
4013307328971_02_N95_2592x1944_scaledTo800x600bilinear,MuensterDatabase
4008153740831_01_N95_2592x1944_scaledTo800x600bilinear,MuensterDatabase
4001133871815_01_N95_2592x1944_scaledTo800x600bilinear,MuensterDatabase
8011642111896_Foto(823),InsubriaDatabase2
3181731138013_02_N95_2592x1944_scaledTo800x600bilinear,MuensterDatabase
8001410088710_05102009229,InsubriaDatabase1
4002644601267_01_N95_2592x1944_scaledTo800x600bilinear,MuensterDatabase
8710103309819_01_N95_2592x1944_scaledTo800x600bilinear,MuensterDatabase
9784872348880_ean13_2_14,zxingDatabase
4008912545509_01_N95_2592x1944_scaledTo800x600bilinear,MuensterDatabase
3560468797012_2,openfoodDatabase
4902520242204_Foto(753),InsubriaDatabase2
8002330051617_05102009214,InsubriaDatabase1
4002575263640_01_N95_2592x1944_scaledTo800x600bilinear,MuensterDatabase
8011642115887_Foto(689),InsubriaDatabase2
4001497321308_01_N95_2592x1944_scaledTo800x600bilinear,MuensterDatabase
4902030187590_Foto(678),InsubriaDatabase2
2152663000991_1,openfoodDatabase
4005069164492_01_N95_2592x1944_scaledTo800x600bilinear,MuensterDatabase
4001513007650_01_N95_2592x1944_scaledTo800x600bilinear,MuensterDatabase
4902520242204_Foto(754),InsubriaDatabase2
8809304811044_size_640_480_20140607_203527,skkuinyougDatabase
4002644614021_01_N95_2592x1944_scaledTo800x600bilinear,MuensterDatabase
4062300043978_01_N95_2592x1944_scaledTo800x600bilinear,MuensterDatabase
5035048010556_01_N95_2592x1944_scaledTo800x600bilinear,MuensterDatabase
4000501382069_01_N95_2592x1944_scaledTo800x600bilinear,MuensterDatabase
4006885552005_01_N95_2592x1944_scaledTo800x600bilinear,MuensterDatabase
8002330051617_05102009213,InsubriaDatabase1
8002330112752_05102009198,InsubriaDatabase1
8023222032262_05102009102,InsubriaDatabase1
4000400105608_01_N95_2592x1944_scaledTo800x600bilinear,MuensterDatabase
2007001437550_01_N95_2592x1944_scaledTo800x600bilinear,MuensterDatabase
3600540477323_Foto(567),InsubriaDatabase2
4008666212016_01_N95_2592x1944_scaledTo800x600bilinear,MuensterDatabase
4000445004522_01_N95_2592x1944_scaledTo800x600bilinear,MuensterDatabase
4001513000613_02_N95_2592x1944_scaledTo800x600bilinear,MuensterDatabase
4007581002641_01_N95_2592x1944_scaledTo800x600bilinear,MuensterDatabase
4005032167260_01_N95_2592x1944_scaledTo800x600bilinear,MuensterDatabase
4048318010614_01_N95_2592x1944_scaledTo800x600bilinear,MuensterDatabase
4000492002496_01_N95_2592x1944_scaledTo800x600bilinear,MuensterDatabase
0051122414831_Foto(778),InsubriaDatabase2
4053700260256_01_N95_2592x1944_scaledTo800x600bilinear,MuensterDatabase
4902520242204_05102009123,InsubriaDatabase1
8002580010945_PICT001gfghfg7,InsubriaDatabase1
8011642111896_Foto(819),InsubriaDatabase2
8801083344508_size_640_480_20140607_202111,skkuinyougDatabase
4015878530227_01_N95_2592x1944_scaledTo800x600bilinear,MuensterDatabase
4062300012769_01_N95_2592x1944_scaledTo800x600bilinear,MuensterDatabase
4902030195397_Foto(695),InsubriaDatabase2
8801115134350_size_640_480_20140607_202508,skkuinyougDatabase
4008287056020_01_N95_2592x1944_scaledTo800x600bilinear,MuensterDatabase
8001410088710_05102009226,InsubriaDatabase1
4005500209409_01_N95_2592x1944_scaledTo800x600bilinear,MuensterDatabase
8002030140680_05102009165,InsubriaDatabase1
4100440007037_01_N95_2592x1944_scaledTo800x600bilinear,MuensterDatabase
8809390460232_size_640_480_20140607_202932,skkuinyougDatabase
0011210009585_1,openfoodDatabase
9002759840358_01_N95_2592x1944_scaledTo800x600bilinear,MuensterDatabase
7622400791949_ean13_1_23,zxingDatabase
4035129611178_1,openfoodDatabase
4000869042056_01_N95_2592x1944_scaledTo800x600bilinear,MuensterDatabase
9784872348880_ean13_2_21,zxingDatabase
8801121753941_size_640_480_20140607_202529,skkuinyougDatabase
4893913599183_01_N95_2592x1944_scaledTo800x600bilinear,MuensterDatabase
4012092811002_01_N95_2592x1944_scaledTo800x600bilinear,MuensterDatabase
4006333358814_01_N95_2592x1944_scaledTo800x600bilinear,MuensterDatabase
7610995799396_01_N95_2592x1944_scaledTo800x600bilinear,MuensterDatabase
4007237054956_01_N95_2592x1944_scaledTo800x600bilinear,MuensterDatabase
4012400525133_01_N95_2592x1944_scaledTo800x600bilinear,MuensterDatabase
4056800576548_01_N95_2592x1944_scaledTo800x600bilinear,MuensterDatabase
8004020931773_PICT00dsf33,InsubriaDatabase1
4010439404115_01_N95_2592x1944_scaledTo800x600bilinear,MuensterDatabase
4004327183725_01_N95_2592x1944_scaledTo800x600bilinear,MuensterDatabase
4902030187590_PICT0013,InsubriaDatabase1
7613030712213_01_N95_2592x1944_scaledTo800x600bilinear,MuensterDatabase
4306516000234_01_N95_2592x1944_scaledTo800x600bilinear,MuensterDatabase
4002448027140_01_N95_2592x1944_scaledTo800x600bilinear,MuensterDatabase
4017026031341_01_N95_2592x1944_scaledTo800x600bilinear,MuensterDatabase
2007002127672_01_N95_2592x1944_scaledTo800x600bilinear,MuensterDatabase
4017026031372_01_N95_2592x1944_scaledTo800x600bilinear,MuensterDatabase
3394150018020_01_N95_2592x1944_scaledTo800x600bilinear,MuensterDatabase
4015000523196_02_N95_2592x1944_scaledTo800x600bilinear,MuensterDatabase
8002330097875_Foto(503),InsubriaDatabase2
8801111903868_size_640_480_20140607_201343,skkuinyougDatabase
8715186810214_01_N95_2592x1944_scaledTo800x600bilinear,MuensterDatabase
8809089650142_size_640_480_20140607_203404,skkuinyougDatabase
4002644601151_01_N95_2592x1944_scaledTo800x600bilinear,MuensterDatabase
8023222032262_Foto(728),InsubriaDatabase2
5000174371529_01_N95_2592x1944_scaledTo800x600bilinear,MuensterDatabase
8801121104033_size_640_480_20140607_200956,skkuinyougDatabase
8801037088168_size_640_480_20140607_202420,skkuinyougDatabase
4058700621052_02_N95_2592x1944_scaledTo800x600bilinear,MuensterDatabase
4103810023606_01_N95_2592x1944_scaledTo800x600bilinear,MuensterDatabase
3121040014394_01_N95_2592x1944_scaledTo800x600bilinear,MuensterDatabase
9780345460950_ean13_5_10,zxingDatabase
7613030780564_01_N95_2592x1944_scaledTo800x600bilinear,MuensterDatabase
5200300110613_2,openfoodDatabase
4009932004397_01_N95_2592x1944_scaledTo800x600bilinear,MuensterDatabase
7321925005431_Foto(799),InsubriaDatabase2
2007002006250_01_N95_2592x1944_scaledTo800x600bilinear,MuensterDatabase
8809367690358_size_640_480_20140607_203046,skkuinyougDatabase
8023222032262_Foto(729),InsubriaDatabase2
4000400070340_01_N95_2592x1944_scaledTo800x600bilinear,MuensterDatabase
3256221567557_2,openfoodDatabase
8715169001509_01_N95_2592x1944_scaledTo800x600bilinear,MuensterDatabase
8023222032262_Foto(679),InsubriaDatabase2
5906340131044_02_N95_2592x1944_scaledTo800x600bilinear,MuensterDatabase
9780441014989_ean13_4_20,zxingDatabase
4902030187590_PICT0018,InsubriaDatabase1
9780345460950_ean13_5_12,zxingDatabase
7321925005431_06102009248,InsubriaDatabase1
3417960000525_2,openfoodDatabase
9780804816632_ean13_2_06,zxingDatabase
4306517044473_01_N95_2592x1944_scaledTo800x600bilinear,MuensterDatabase
4023900190387_02_N95_2592x1944_scaledTo800x600bilinear,MuensterDatabase
4005781114560_01_N95_2592x1944_scaledTo800x600bilinear,MuensterDatabase
9780441014989_ean13_4_11,zxingDatabase
4002940162172_01_N95_2592x1944_scaledTo800x600bilinear,MuensterDatabase
8722700060222_01_N95_2592x1944_scaledTo800x600bilinear,MuensterDatabase
0051122414831_Foto(763),InsubriaDatabase2
8809073220054_size_640_480_20140607_203354,skkuinyougDatabase
4027894025618_01_N95_2592x1944_scaledTo800x600bilinear,MuensterDatabase
4013674000630_01_N95_2592x1944_scaledTo800x600bilinear,MuensterDatabase
8801062517855_size_640_480_20140607_201217,skkuinyougDatabase
1920081045006_ean13_2_28,zxingDatabase
2494593028073_1,openfoodDatabase
4026701001005_01_N95_2592x1944_scaledTo800x600bilinear,MuensterDatabase
4003764700373_01_N95_2592x1944_scaledTo800x600bilinear,MuensterDatabase
4015000019613_01_N95_2592x1944_scaledTo800x600bilinear,MuensterDatabase
3580281813034_2,openfoodDatabase
7321925005431_Foto(835),InsubriaDatabase2
4013200105402_01_N95_2592x1944_scaledTo800x600bilinear,MuensterDatabase
4007237015452_01_N95_2592x1944_scaledTo800x600bilinear,MuensterDatabase
4015000010306_01_N95_2592x1944_scaledTo800x600bilinear,MuensterDatabase
4008137002955_01_N95_2592x1944_scaledTo800x600bilinear,MuensterDatabase
7321925005431_Foto(845),InsubriaDatabase2
4002039216304_01_N95_2592x1944_scaledTo800x600bilinear,MuensterDatabase
8002205319804_05102009176,InsubriaDatabase1
4306188220664_01_N95_2592x1944_scaledTo800x600bilinear,MuensterDatabase
4002897091600_01_N95_2592x1944_scaledTo800x600bilinear,MuensterDatabase
7321925005431_06102009246,InsubriaDatabase1
8004020931773_PICsdT0032,InsubriaDatabase1
8801117536817_size_640_480_20140607_200851,skkuinyougDatabase
4052400031050_01_N95_2592x1944_scaledTo800x600bilinear,MuensterDatabase
8004020587048_05102009146,InsubriaDatabase1
8809285560030_size_640_480_20140607_203417,skkuinyougDatabase
0211493013129_1,openfoodDatabase
4000400037541_01_N95_2592x1944_scaledTo800x600bilinear,MuensterDatabase
4001723145005_01_N95_2592x1944_scaledTo800x600bilinear,MuensterDatabase
4021472052027_03_N95_2592x1944_scaledTo800x600bilinear,MuensterDatabase
4008367351137_01_N95_2592x1944_scaledTo800x600bilinear,MuensterDatabase
4902030187590_PICT0017,InsubriaDatabase1
4008400160924_01_N95_2592x1944_scaledTo800x600bilinear,MuensterDatabase
7318307603002_01_N95_2592x1944_scaledTo800x600bilinear,MuensterDatabase
4013307322573_01_N95_2592x1944_scaledTo800x600bilinear,MuensterDatabase
4004820802017_01_N95_2592x1944_scaledTo800x600bilinear,MuensterDatabase
4100310725306_01_N95_2592x1944_scaledTo800x600bilinear,MuensterDatabase
4008617681014_01_N95_2592x1944_scaledTo800x600bilinear,MuensterDatabase
8001410088710_05102009228,InsubriaDatabase1
4902030024888_PICT0024,InsubriaDatabase1
4902030024888_PICT0020,InsubriaDatabase1
5018374386687_size_640_480_20140607_201239,skkuinyougDatabase
8005235212442_Foto(796),InsubriaDatabase2
7290002166832_01_N95_2592x1944_scaledTo800x600bilinear,MuensterDatabase
5702014498815_01_N95_2592x1944_scaledTo800x600bilinear,MuensterDatabase
4005009001436_01_N95_2592x1944_scaledTo800x600bilinear,MuensterDatabase
8711500818225_01_N95_2592x1944_scaledTo800x600bilinear,MuensterDatabase
8717644390269_01_N95_2592x1944_scaledTo800x600bilinear,MuensterDatabase
4005808650507_07_N95_2592x1944_scaledTo800x600bilinear,MuensterDatabase
8801037051308_size_640_480_20140607_202640,skkuinyougDatabase
4042763424293_01_N95_2592x1944_scaledTo800x600bilinear,MuensterDatabase
4305399029172_01_N95_2592x1944_scaledTo800x600bilinear,MuensterDatabase
7610995098703_01_N95_2592x1944_scaledTo800x600bilinear,MuensterDatabase
4004353016387_01_N95_2592x1944_scaledTo800x600bilinear,MuensterDatabase
9007084023254_01_N95_2592x1944_scaledTo800x600bilinear,MuensterDatabase
8805123793080_size_640_480_20140607_204045,skkuinyougDatabase
4002524130085_01_N95_2592x1944_scaledTo800x600bilinear,MuensterDatabase
4902580453022_05102009108,InsubriaDatabase1
4005032234290_01_N95_2592x1944_scaledTo800x600bilinear,MuensterDatabase
2216103004564_01_N95_2592x1944_scaledTo800x600bilinear,MuensterDatabase
9780764544200_ean13_3_06,zxingDatabase
5906340131044_01_N95_2592x1944_scaledTo800x600bilinear,MuensterDatabase
8801019005633_size_640_480_20140607_201839,skkuinyougDatabase
4007680104932_01_N95_2592x1944_scaledTo800x600bilinear,MuensterDatabase
4006825156980_01_N95_2592x1944_scaledTo800x600bilinear,MuensterDatabase
4000999914124_01_N95_2592x1944_scaledTo800x600bilinear,MuensterDatabase
8808488004334_size_640_480_20140607_203347,skkuinyougDatabase
8004020587048_05102009143,InsubriaDatabase1
4011554710105_01_N95_2592x1944_scaledTo800x600bilinear,MuensterDatabase
4001133328661_01_N95_2592x1944_scaledTo800x600bilinear,MuensterDatabase
3276230002498_01_N95_2592x1944_scaledTo800x600bilinear,MuensterDatabase
4007486620322_01_N95_2592x1944_scaledTo800x600bilinear,MuensterDatabase
3770006361418_1,openfoodDatabase
4000680703266_02_N95_2592x1944_scaledTo800x600bilinear,MuensterDatabase
8002330024451_Foto(709),InsubriaDatabase2
8011642111896_Foto(481),InsubriaDatabase2
8011642111896_Foto(817),InsubriaDatabase2
4306188029755_01_N95_2592x1944_scaledTo800x600bilinear,MuensterDatabase
8808488004280_size_640_480_20140607_203547,skkuinyougDatabase
4902520242204_Foto(751),InsubriaDatabase2
4015000012416_01_N95_2592x1944_scaledTo800x600bilinear,MuensterDatabase
4007680103607_01_N95_2592x1944_scaledTo800x600bilinear,MuensterDatabase
4009903011119_01_N95_2592x1944_scaledTo800x600bilinear,MuensterDatabase
4902520242204_05102009114,InsubriaDatabase1
7613033968051_1,openfoodDatabase
8005235212442_Foto(787),InsubriaDatabase2
4015000011921_01_N95_2592x1944_scaledTo800x600bilinear,MuensterDatabase
4000400001955_01_N95_2592x1944_scaledTo800x600bilinear,MuensterDatabase
8711500818195_01_N95_2592x1944_scaledTo800x600bilinear,MuensterDatabase
8011642111896_Foto(812),InsubriaDatabase2
4000515007125_01_N95_2592x1944_scaledTo800x600bilinear,MuensterDatabase
4012339031538_01_N95_2592x1944_scaledTo800x600bilinear,MuensterDatabase
5603667020517_ean13_1_22,zxingDatabase
4002676212042_01_N95_2592x1944_scaledTo800x600bilinear,MuensterDatabase
9001466304337_01_N95_2592x1944_scaledTo800x600bilinear,MuensterDatabase
5410228223054_2,openfoodDatabase
4001936022100_01_N95_2592x1944_scaledTo800x600bilinear,MuensterDatabase
4242002402703_01_N95_2592x1944_scaledTo800x600bilinear,MuensterDatabase
4030800430505_01_N95_2592x1944_scaledTo800x600bilinear,MuensterDatabase
0051122414831_Foto(771),InsubriaDatabase2
7321925005431_06102009249,InsubriaDatabase1
4015878995958_03_N95_2592x1944_scaledTo800x600bilinear,MuensterDatabase
4250665325581_4,openfoodDatabase
8011642115887_Foto(737),InsubriaDatabase2
8722700060222_02_N95_2592x1944_scaledTo800x600bilinear,MuensterDatabase
8004020931773_05102009153,InsubriaDatabase1
8005235212442_Foto(793),InsubriaDatabase2
8002330051617_05102009201,InsubriaDatabase1
8002330024451_Foto(707),InsubriaDatabase2
5705691101030_01_N95_2592x1944_scaledTo800x600bilinear,MuensterDatabase
9780804816632_ean13_2_05,zxingDatabase
3228881002631_Foto(536),InsubriaDatabase2
4000412019016_01_N95_2592x1944_scaledTo800x600bilinear,MuensterDatabase
4311501484838_2,openfoodDatabase
4058700704663_01_N95_2592x1944_scaledTo800x600bilinear,MuensterDatabase
8002205319804_PICT00fghgh02,InsubriaDatabase1
8809267012731_size_640_480_20140607_202817,skkuinyougDatabase
4006067088827_01_N95_2592x1944_scaledTo800x600bilinear,MuensterDatabase
9780735619937_ean13_3_46,zxingDatabase
4006581001777_01_N95_2592x1944_scaledTo800x600bilinear,MuensterDatabase
3434730707835_05102009138,InsubriaDatabase1
8804973302602_size_640_480_20140607_201953,skkuinyougDatabase
3228881002631_Foto(537),InsubriaDatabase2
4005808813803_01_N95_2592x1944_scaledTo800x600bilinear,MuensterDatabase
4002644601762_01_N95_2592x1944_scaledTo800x600bilinear,MuensterDatabase
4016900081205_01_N95_2592x1944_scaledTo800x600bilinear,MuensterDatabase
8801204006681_size_640_480_20140607_201739,skkuinyougDatabase
4029128000453_01_N95_2592x1944_scaledTo800x600bilinear,MuensterDatabase
8806125400341_size_640_480_20140607_203820,skkuinyougDatabase
4015000010320_01_N95_2592x1944_scaledTo800x600bilinear,MuensterDatabase
8715186830311_01_N95_2592x1944_scaledTo800x600bilinear,MuensterDatabase
3380380077869_1,openfoodDatabase
8021425074508_01_N95_2592x1944_scaledTo800x600bilinear,MuensterDatabase
4005404003028_PICT0008,InsubriaDatabase1
4006067006173_01_N95_2592x1944_scaledTo800x600bilinear,MuensterDatabase
4005808650507_10_N95_2592x1944_scaledTo800x600bilinear,MuensterDatabase
4007141034624_01_N95_2592x1944_scaledTo800x600bilinear,MuensterDatabase
8002580010945_PICfggfhT0018,InsubriaDatabase1
4063500212140_01_N95_2592x1944_scaledTo800x600bilinear,MuensterDatabase
4005941001983_01_N95_2592x1944_scaledTo800x600bilinear,MuensterDatabase
8801047224303_size_640_480_20140607_202828,skkuinyougDatabase
3487400000637_01_N95_2592x1944_scaledTo800x600bilinear,MuensterDatabase
8480010001136_ean13_1_10,zxingDatabase
4011800201029_01_N95_2592x1944_scaledTo800x600bilinear,MuensterDatabase
4005721080269_01_N95_2592x1944_scaledTo800x600bilinear,MuensterDatabase
4023900260219_01_N95_2592x1944_scaledTo800x600bilinear,MuensterDatabase
3574660133899_05102009162,InsubriaDatabase1
9310006006649_01_N95_2592x1944_scaledTo800x600bilinear,MuensterDatabase
8005283001951_PICTgf0010,InsubriaDatabase1
9002490203597_01_N95_2592x1944_scaledTo800x600bilinear,MuensterDatabase
0211185010047_1,openfoodDatabase
3770008126008_2,openfoodDatabase
8809022000119_size_640_480_20140607_203334,skkuinyougDatabase
5000213101025_ean13_1_36,zxingDatabase
8806403333736_size_640_480_20140607_203942,skkuinyougDatabase
4037300107326_01_N95_2592x1944_scaledTo800x600bilinear,MuensterDatabase
9781558604971_ean13_1_34,zxingDatabase
4011160510113_01_N95_2592x1944_scaledTo800x600bilinear,MuensterDatabase
8809390460225_size_640_480_20140607_202927,skkuinyougDatabase
9780201310054_ean13_3_29,zxingDatabase
4305399036859_01_N95_2592x1944_scaledTo800x600bilinear,MuensterDatabase
8076809523738_01_N95_2592x1944_scaledTo800x600bilinear,MuensterDatabase
4005808650507_01_N95_2592x1944_scaledTo800x600bilinear,MuensterDatabase
9780764544200_ean13_3_08,zxingDatabase
4902520242204_05102009119,InsubriaDatabase1
5449000017932_01_N95_2592x1944_scaledTo800x600bilinear,MuensterDatabase
8001916002326_PIfghghfCT0009,InsubriaDatabase1
4045500052001_01_N95_2592x1944_scaledTo800x600bilinear,MuensterDatabase
4000269101247_01_N95_2592x1944_scaledTo800x600bilinear,MuensterDatabase
2005169233007_01_N95_2592x1944_scaledTo800x600bilinear,MuensterDatabase
8022840298241_01_N95_2592x1944_scaledTo800x600bilinear,MuensterDatabase
4013200914431_01_N95_2592x1944_scaledTo800x600bilinear,MuensterDatabase
4007554132801_01_N95_2592x1944_scaledTo800x600bilinear,MuensterDatabase
4902520242204_Foto(749),InsubriaDatabase2
8801115134855_size_640_480_20140607_202517,skkuinyougDatabase
4000400008053_01_N95_2592x1944_scaledTo800x600bilinear,MuensterDatabase
8011642115887_PICT0041,InsubriaDatabase1
4005808650507_04_N95_2592x1944_scaledTo800x600bilinear,MuensterDatabase
4305399063558_01_N95_2592x1944_scaledTo800x600bilinear,MuensterDatabase
4017026055521_01_N95_2592x1944_scaledTo800x600bilinear,MuensterDatabase
0202264031091_1,openfoodDatabase
9784872348880_ean13_2_18,zxingDatabase
4006067842962_01_N95_2592x1944_scaledTo800x600bilinear,MuensterDatabase
8807841041337_size_640_480_20140607_203359,skkuinyougDatabase
9780679601050_ean13_5_02,zxingDatabase
4078500292108_01_N95_2592x1944_scaledTo800x600bilinear,MuensterDatabase
4078500098700_01_N95_2592x1944_scaledTo800x600bilinear,MuensterDatabase
3228881002631_Foto(534),InsubriaDatabase2
3574660133899_05102009163,InsubriaDatabase1
8803718101456_size_640_480_20140607_201745,skkuinyougDatabase
8011642115887_Foto(745),InsubriaDatabase2
9780804816632_ean13_2_01,zxingDatabase
5025232414109_01_N95_2592x1944_scaledTo800x600bilinear,MuensterDatabase
4000286003494_01_N95_2592x1944_scaledTo800x600bilinear,MuensterDatabase
4005808650507_03_N95_2592x1944_scaledTo800x600bilinear,MuensterDatabase
4002940016215_02_N95_2592x1944_scaledTo800x600bilinear,MuensterDatabase
4009241144005_01_N95_2592x1944_scaledTo800x600bilinear,MuensterDatabase
0051122414831_Foto(775),InsubriaDatabase2
4008600097532_01_N95_2592x1944_scaledTo800x600bilinear,MuensterDatabase
1040000062669_1,openfoodDatabase
3574660283020_01_N95_2592x1944_scaledTo800x600bilinear,MuensterDatabase
9780446579803_ean13_5_13,zxingDatabase
8005235212442_Foto(788),InsubriaDatabase2
4016565126792_01_N95_2592x1944_scaledTo800x600bilinear,MuensterDatabase
8023222032262_Foto(681),InsubriaDatabase2
4001513000613_01_N95_2592x1944_scaledTo800x600bilinear,MuensterDatabase
8809030491039_size_640_480_20140607_204009,skkuinyougDatabase
3565270011769_1,openfoodDatabase
3600520982724_01_N95_2592x1944_scaledTo800x600bilinear,MuensterDatabase
4012092001816_01_N95_2592x1944_scaledTo800x600bilinear,MuensterDatabase
9780393058673_ean13_1_32,zxingDatabase
4028665001404_01_N95_2592x1944_scaledTo800x600bilinear,MuensterDatabase
4008429009617_01_N95_2592x1944_scaledTo800x600bilinear,MuensterDatabase
4014472002505_02_N95_2592x1944_scaledTo800x600bilinear,MuensterDatabase
8001916002326_PICT00hfghg10,InsubriaDatabase1
4007111609012_01_N95_2592x1944_scaledTo800x600bilinear,MuensterDatabase
4009418180416_01_N95_2592x1944_scaledTo800x600bilinear,MuensterDatabase
7321925005431_Foto(851),InsubriaDatabase2
4008158016078_02_N95_2592x1944_scaledTo800x600bilinear,MuensterDatabase
8005283001951_PICTfgh0008,InsubriaDatabase1
4078500207300_01_N95_2592x1944_scaledTo800x600bilinear,MuensterDatabase
8011642115962_Foto(484),InsubriaDatabase2
4001845525204_01_N95_2592x1944_scaledTo800x600bilinear,MuensterDatabase
7613076371498_01_N95_2592x1944_scaledTo800x600bilinear,MuensterDatabase
8801117109004_size_640_480_20140607_201750,skkuinyougDatabase
9784872348880_ean13_2_16,zxingDatabase
4006670360150_01_N95_2592x1944_scaledTo800x600bilinear,MuensterDatabase
8801037089639_size_640_480_20140607_202430,skkuinyougDatabase
8710908934711_1,openfoodDatabase
4022804050650_01_N95_2592x1944_scaledTo800x600bilinear,MuensterDatabase
4007022072363_01_N95_2592x1944_scaledTo800x600bilinear,MuensterDatabase
4902030145637_01_N95_2592x1944_scaledTo800x600bilinear,MuensterDatabase
3259426013201_1,openfoodDatabase
4012406870305_01_N95_2592x1944_scaledTo800x600bilinear,MuensterDatabase
4305399041006_01_N95_2592x1944_scaledTo800x600bilinear,MuensterDatabase
9780345460950_ean13_5_09,zxingDatabase
4015321160001_01_N95_2592x1944_scaledTo800x600bilinear,MuensterDatabase
9780735619937_ean13_3_55,zxingDatabase
4902520242204_Foto(752),InsubriaDatabase2
5601142900002_01_N95_2592x1944_scaledTo800x600bilinear,MuensterDatabase
4043946776062_01_N95_2592x1944_scaledTo800x600bilinear,MuensterDatabase
4021472054212_01_N95_2592x1944_scaledTo800x600bilinear,MuensterDatabase
8424818182291_2,openfoodDatabase
7321925005431_06102009253,InsubriaDatabase1
4001608023510_01_N95_2592x1944_scaledTo800x600bilinear,MuensterDatabase
8005235212442_Foto(702),InsubriaDatabase2
4062300039919_01_N95_2592x1944_scaledTo800x600bilinear,MuensterDatabase
4103810091223_01_N95_2592x1944_scaledTo800x600bilinear,MuensterDatabase
4005012160700_01_N95_2592x1944_scaledTo800x600bilinear,MuensterDatabase
8011642115962_Foto(683),InsubriaDatabase2
4000196016447_01_N95_2592x1944_scaledTo800x600bilinear,MuensterDatabase
4052700093079_3,openfoodDatabase
4038437012224_01_N95_2592x1944_scaledTo800x600bilinear,MuensterDatabase
4015000300773_01_N95_2592x1944_scaledTo800x600bilinear,MuensterDatabase
4006874037346_01_N95_2592x1944_scaledTo800x600bilinear,MuensterDatabase
4306188020158_01_N95_2592x1944_scaledTo800x600bilinear,MuensterDatabase
4007864350735_01_N95_2592x1944_scaledTo800x600bilinear,MuensterDatabase
4005900816016_01_N95_2592x1944_scaledTo800x600bilinear,MuensterDatabase
4002644601694_01_N95_2592x1944_scaledTo800x600bilinear,MuensterDatabase
9780764544200_ean13_3_02,zxingDatabase
8011642115887_Foto(736),InsubriaDatabase2
8002205319804_05102009177,InsubriaDatabase1
4058700520430_01_N95_2592x1944_scaledTo800x600bilinear,MuensterDatabase
9780201310054_ean13_3_23,zxingDatabase
9002740218234_01_N95_2592x1944_scaledTo800x600bilinear,MuensterDatabase
4011333500354_01_N95_2592x1944_scaledTo800x600bilinear,MuensterDatabase
8801121759615_size_640_480_20140607_202532,skkuinyougDatabase
4009418149086_01_N95_2592x1944_scaledTo800x600bilinear,MuensterDatabase
3181731140009_01_N95_2592x1944_scaledTo800x600bilinear,MuensterDatabase
4001438012135_01_N95_2592x1944_scaledTo800x600bilinear,MuensterDatabase
8809030491022_size_640_480_20140607_204019,skkuinyougDatabase
4023900190387_01_N95_2592x1944_scaledTo800x600bilinear,MuensterDatabase
4001120260905_01_N95_2592x1944_scaledTo800x600bilinear,MuensterDatabase
8801074802444_size_640_480_20140607_203052,skkuinyougDatabase
4008617661009_02_N95_2592x1944_scaledTo800x600bilinear,MuensterDatabase
8809022419676_size_640_480_20140607_203453,skkuinyougDatabase
4002448029571_01_N95_2592x1944_scaledTo800x600bilinear,MuensterDatabase
4015000525596_01_N95_2592x1944_scaledTo800x600bilinear,MuensterDatabase
0051122414831_Foto(761),InsubriaDatabase2
8480000823274_ean13_1_3,zxingDatabase
4902030187590_Foto(677),InsubriaDatabase2
8005235212442_Foto(783),InsubriaDatabase2
8011642115887_PICT0031,InsubriaDatabase1
4007965016004_01_N95_2592x1944_scaledTo800x600bilinear,MuensterDatabase
4005404003028_PICT0005,InsubriaDatabase1
4001608202359_01_N95_2592x1944_scaledTo800x600bilinear,MuensterDatabase
8011642111896_Foto(820),InsubriaDatabase2
5410673052018_01_N95_2592x1944_scaledTo800x600bilinear,MuensterDatabase
4000400130792_01_N95_2592x1944_scaledTo800x600bilinear,MuensterDatabase
8802183110727_size_640_480_20140607_204147,skkuinyougDatabase
4000492501418_01_N95_2592x1944_scaledTo800x600bilinear,MuensterDatabase
4005808813872_01_N95_2592x1944_scaledTo800x600bilinear,MuensterDatabase
4015000019927_01_N95_2592x1944_scaledTo800x600bilinear,MuensterDatabase
4000516800046_02_N95_2592x1944_scaledTo800x600bilinear,MuensterDatabase
4058400001086_2,openfoodDatabase
8410087604800_2,openfoodDatabase
0211493013129_2,openfoodDatabase
4056800563081_01_N95_2592x1944_scaledTo800x600bilinear,MuensterDatabase
4011097378152_01_N95_2592x1944_scaledTo800x600bilinear,MuensterDatabase
8801062331857_size_640_480_20140607_201648,skkuinyougDatabase
7896004005249_1,openfoodDatabase
4003310104051_01_N95_2592x1944_scaledTo800x600bilinear,MuensterDatabase
4035701630054_01_N95_2592x1944_scaledTo800x600bilinear,MuensterDatabase
4006825504446_01_N95_2592x1944_scaledTo800x600bilinear,MuensterDatabase
4012092001847_01_N95_2592x1944_scaledTo800x600bilinear,MuensterDatabase
4104090901783_01_N95_2592x1944_scaledTo800x600bilinear,MuensterDatabase
9780735619937_ean13_3_51,zxingDatabase
4901780188352_ean13_1_26,zxingDatabase
4016598347003_01_N95_2592x1944_scaledTo800x600bilinear,MuensterDatabase
4015000302036_01_N95_2592x1944_scaledTo800x600bilinear,MuensterDatabase
9005437750031_01_N95_2592x1944_scaledTo800x600bilinear,MuensterDatabase
4005808801046_05102009158,InsubriaDatabase1
8002205319804_Foto(543),InsubriaDatabase2
9781585730575_ean13_3_43,zxingDatabase
4012406789102_01_N95_2592x1944_scaledTo800x600bilinear,MuensterDatabase
4042809020564_01_N95_2592x1944_scaledTo800x600bilinear,MuensterDatabase
4000516800046_01_N95_2592x1944_scaledTo800x600bilinear,MuensterDatabase
4008146790805_01_N95_2592x1944_scaledTo800x600bilinear,MuensterDatabase
4027068173039_01_N95_2592x1944_scaledTo800x600bilinear,MuensterDatabase
4015000523196_01_N95_2592x1944_scaledTo800x600bilinear,MuensterDatabase
4015400083276_01_N95_2592x1944_scaledTo800x600bilinear,MuensterDatabase
8801051130690_size_640_480_20140607_203847,skkuinyougDatabase
8002205319804_05102009180,InsubriaDatabase1
4305399042355_01_N95_2592x1944_scaledTo800x600bilinear,MuensterDatabase
8809030491039_size_640_480_20140607_204000,skkuinyougDatabase
9780201310054_ean13_3_35,zxingDatabase
8011642115887_PICT0036,InsubriaDatabase1
4005808801046_PIadwCT0019,InsubriaDatabase1
4210201124191_01_N95_2592x1944_scaledTo800x600bilinear,MuensterDatabase
8002330051617_05102009202,InsubriaDatabase1
4306516000111_01_N95_2592x1944_scaledTo800x600bilinear,MuensterDatabase
7321925005431_Foto(842),InsubriaDatabase2
4045800767377_01_N95_2592x1944_scaledTo800x600bilinear,MuensterDatabase
4006545125594_01_N95_2592x1944_scaledTo800x600bilinear,MuensterDatabase
5410673052001_01_N95_2592x1944_scaledTo800x600bilinear,MuensterDatabase
5029053016856_01_N95_2592x1944_scaledTo800x600bilinear,MuensterDatabase
0734646964449_05102009148,InsubriaDatabase1
4005808650507_09_N95_2592x1944_scaledTo800x600bilinear,MuensterDatabase
