Image_Name,Source_Dataset
4003665360973_01_N95_2592x1944_scaledTo800x600bilinear,MuensterDatabase
3770006361418_1,openfoodDatabase
4007680100071_01_N95_2592x1944_scaledTo800x600bilinear,MuensterDatabase
4005009001436_01_N95_2592x1944_scaledTo800x600bilinear,MuensterDatabase
4011240422879_01_N95_2592x1944_scaledTo800x600bilinear,MuensterDatabase
4009017068566_01_N95_2592x1944_scaledTo800x600bilinear,MuensterDatabase
4007237018187_01_N95_2592x1944_scaledTo800x600bilinear,MuensterDatabase
5102009122,InsubriaDatabase1
Foto(697),InsubriaDatabase2
8076809521543_01_N95_2592x1944_scaledTo800x600bilinear,MuensterDatabase
4001133328661_01_N95_2592x1944_scaledTo800x600bilinear,MuensterDatabase
4305399033957_01_N95_2592x1944_scaledTo800x600bilinear,MuensterDatabase
7613030712213_01_N95_2592x1944_scaledTo800x600bilinear,MuensterDatabase
4008837218151_01_N95_2592x1944_scaledTo800x600bilinear,MuensterDatabase
4001743020320_01_N95_2592x1944_scaledTo800x600bilinear,MuensterDatabase
8718885890846_4,openfoodDatabase
4007591591067_01_N95_2592x1944_scaledTo800x600bilinear,MuensterDatabase
PICT0041,InsubriaDatabase1
4008666700902_01_N95_2592x1944_scaledTo800x600bilinear,MuensterDatabase
8804453111984_size_640_480_20140607_203058,skkuinyougDatabase
3276230002498_01_N95_2592x1944_scaledTo800x600bilinear,MuensterDatabase
4002940016215_02_N95_2592x1944_scaledTo800x600bilinear,MuensterDatabase
8801062629176_size_640_480_20140607_201937,skkuinyougDatabase
Foto(686),InsubriaDatabase2
4008617661009_03_N95_2592x1944_scaledTo800x600bilinear,MuensterDatabase
4000953398915_01_N95_2592x1944_scaledTo800x600bilinear,MuensterDatabase
Foto(714),InsubriaDatabase2
4037900020407_01_N95_2592x1944_scaledTo800x600bilinear,MuensterDatabase
4306188024408_01_N95_2592x1944_scaledTo800x600bilinear,MuensterDatabase
4004764796281_01_N95_2592x1944_scaledTo800x600bilinear,MuensterDatabase
8807841000624_size_640_480_20140607_203421,skkuinyougDatabase
Foto(574),InsubriaDatabase2
Foto(747),InsubriaDatabase2
5102009149,InsubriaDatabase1
4001936011401_01_N95_2592x1944_scaledTo800x600bilinear,MuensterDatabase
4305399042300_01_N95_2592x1944_scaledTo800x600bilinear,MuensterDatabase
4002575263640_01_N95_2592x1944_scaledTo800x600bilinear,MuensterDatabase
2007001857297_01_N95_2592x1944_scaledTo800x600bilinear,MuensterDatabase
4049500287333_01_N95_2592x1944_scaledTo800x600bilinear,MuensterDatabase
4006160629583_01_N95_2592x1944_scaledTo800x600bilinear,MuensterDatabase
8805123800344_size_640_480_20140607_204032,skkuinyougDatabase
5702014498815_01_N95_2592x1944_scaledTo800x600bilinear,MuensterDatabase
3382562067439_2,openfoodDatabase
4023900190387_02_N95_2592x1944_scaledTo800x600bilinear,MuensterDatabase
7613076371498_01_N95_2592x1944_scaledTo800x600bilinear,MuensterDatabase
Foto(756),InsubriaDatabase2
4250084940556_01_N95_2592x1944_scaledTo800x600bilinear,MuensterDatabase
4058400001086_2,openfoodDatabase
8808488004280_size_640_480_20140607_203547,skkuinyougDatabase
4078500292108_01_N95_2592x1944_scaledTo800x600bilinear,MuensterDatabase
8715700017006_01_N95_2592x1944_scaledTo800x600bilinear,MuensterDatabase
4005808650507_06_N95_2592x1944_scaledTo800x600bilinear,MuensterDatabase
3275461000921_1,openfoodDatabase
5102009145,InsubriaDatabase1
3574660026948_01_N95_2592x1944_scaledTo800x600bilinear,MuensterDatabase
2233400002673_2,openfoodDatabase
4067700011022_02_N95_2592x1944_scaledTo800x600bilinear,MuensterDatabase
8718885890846_3,openfoodDatabase
4006160635171_01_N95_2592x1944_scaledTo800x600bilinear,MuensterDatabase
9088882448203_01_N95_2592x1944_scaledTo800x600bilinear,MuensterDatabase
4008137002955_01_N95_2592x1944_scaledTo800x600bilinear,MuensterDatabase
8588005778190_2,openfoodDatabase
4008287056020_01_N95_2592x1944_scaledTo800x600bilinear,MuensterDatabase
8805123793080_size_640_480_20140607_204045,skkuinyougDatabase
4005808650507_02_N95_2592x1944_scaledTo800x600bilinear,MuensterDatabase
4013307326885_01_N95_2592x1944_scaledTo800x600bilinear,MuensterDatabase
4311501625217_8,openfoodDatabase
8801117102500_size_640_480_20140607_201137,skkuinyougDatabase
4002859580111_01_N95_2592x1944_scaledTo800x600bilinear,MuensterDatabase
5102009119,InsubriaDatabase1
4000339036721_01_N95_2592x1944_scaledTo800x600bilinear,MuensterDatabase
5102009152,InsubriaDatabase1
4005500310105_01_N95_2592x1944_scaledTo800x600bilinear,MuensterDatabase
5010677024204_01_N95_2592x1944_scaledTo800x600bilinear,MuensterDatabase
5102009171,InsubriaDatabase1
4045095160822_01_N95_2592x1944_scaledTo800x600bilinear,MuensterDatabase
8801753000086_size_640_480_20140607_202552,skkuinyougDatabase
4002897091600_01_N95_2592x1944_scaledTo800x600bilinear,MuensterDatabase
4003764700373_01_N95_2592x1944_scaledTo800x600bilinear,MuensterDatabase
5411183072916_01_N95_2592x1944_scaledTo800x600bilinear,MuensterDatabase
4306516000111_01_N95_2592x1944_scaledTo800x600bilinear,MuensterDatabase
Foto(837),InsubriaDatabase2
4000159545014_02_N95_2592x1944_scaledTo800x600bilinear,MuensterDatabase
4015000523196_02_N95_2592x1944_scaledTo800x600bilinear,MuensterDatabase
4100650393029_01_N95_2592x1944_scaledTo800x600bilinear,MuensterDatabase
Foto(798),InsubriaDatabase2
4004353028052_01_N95_2592x1944_scaledTo800x600bilinear,MuensterDatabase
3492390018241_2,openfoodDatabase
Foto(845),InsubriaDatabase2
4002448018360_01_N95_2592x1944_scaledTo800x600bilinear,MuensterDatabase
Foto(701),InsubriaDatabase2
3275461001775_2,openfoodDatabase
4016598347027_01_N95_2592x1944_scaledTo800x600bilinear,MuensterDatabase
Foto(758),InsubriaDatabase2
8712800148104_2,openfoodDatabase
Foto(702),InsubriaDatabase2
4006000815312_01_N95_2592x1944_scaledTo800x600bilinear,MuensterDatabase
8076809534116_01_N95_2592x1944_scaledTo800x600bilinear,MuensterDatabase
5102009169,InsubriaDatabase1
2330740028407_2,openfoodDatabase
8801117109400_size_640_480_20140607_201141,skkuinyougDatabase
8715169005293_01_N95_2592x1944_scaledTo800x600bilinear,MuensterDatabase
4037300107326_01_N95_2592x1944_scaledTo800x600bilinear,MuensterDatabase
4026600112000_01_N95_2592x1944_scaledTo800x600bilinear,MuensterDatabase
4007864350803_01_N95_2592x1944_scaledTo800x600bilinear,MuensterDatabase
4016598347003_01_N95_2592x1944_scaledTo800x600bilinear,MuensterDatabase
4009078659710_01_N95_2592x1944_scaledTo800x600bilinear,MuensterDatabase
5102009154,InsubriaDatabase1
7610995799396_01_N95_2592x1944_scaledTo800x600bilinear,MuensterDatabase
4000400001955_01_N95_2592x1944_scaledTo800x600bilinear,MuensterDatabase
3700175002591_2,openfoodDatabase
9400563741760_size_640_480_20140607_201330,skkuinyougDatabase
4078500206501_01_N95_2592x1944_scaledTo800x600bilinear,MuensterDatabase
3600520825700_01_N95_2592x1944_scaledTo800x600bilinear,MuensterDatabase
Foto(712),InsubriaDatabase2
4062800002604_01_N95_2592x1944_scaledTo800x600bilinear,MuensterDatabase
5102009229,InsubriaDatabase1
4007554132801_01_N95_2592x1944_scaledTo800x600bilinear,MuensterDatabase
4002448018551_01_N95_2592x1944_scaledTo800x600bilinear,MuensterDatabase
5410363041001_2,openfoodDatabase
4009071021804_01_N95_2592x1944_scaledTo800x600bilinear,MuensterDatabase
4305615490212_2,openfoodDatabase
8801051130690_size_640_480_20140607_203847,skkuinyougDatabase
4007965146008_01_N95_2592x1944_scaledTo800x600bilinear,MuensterDatabase
8801204006919_size_640_480_20140607_201207,skkuinyougDatabase
4002940012354_01_N95_2592x1944_scaledTo800x600bilinear,MuensterDatabase
Foto(822),InsubriaDatabase2
4023900260219_01_N95_2592x1944_scaledTo800x600bilinear,MuensterDatabase
Foto(676),InsubriaDatabase2
Foto(718),InsubriaDatabase2
4001608204025_01_N95_2592x1944_scaledTo800x600bilinear,MuensterDatabase
Foto(739),InsubriaDatabase2
4026600378000_01_N95_2592x1944_scaledTo800x600bilinear,MuensterDatabase
4000196016447_01_N95_2592x1944_scaledTo800x600bilinear,MuensterDatabase
4000823061109_01_N95_2592x1944_scaledTo800x600bilinear,MuensterDatabase
4023900190462_01_N95_2592x1944_scaledTo800x600bilinear,MuensterDatabase
4013674000630_01_N95_2592x1944_scaledTo800x600bilinear,MuensterDatabase
8804246022428_size_640_480_20140607_203434,skkuinyougDatabase
8806403333736_size_640_480_20140607_203942,skkuinyougDatabase
4005808650507_09_N95_2592x1944_scaledTo800x600bilinear,MuensterDatabase
Foto(765),InsubriaDatabase2
4002473960450_01_N95_2592x1944_scaledTo800x600bilinear,MuensterDatabase
8801115381242_size_640_480_20140607_202623,skkuinyougDatabase
4001608204049_01_N95_2592x1944_scaledTo800x600bilinear,MuensterDatabase
5102009120,InsubriaDatabase1
4003490048961_01_N95_2592x1944_scaledTo800x600bilinear,MuensterDatabase
0211493013129_2,openfoodDatabase
4017100106002_01_N95_2592x1944_scaledTo800x600bilinear,MuensterDatabase
8801074802444_size_640_480_20140607_203052,skkuinyougDatabase
4053800081041_01_N95_2592x1944_scaledTo800x600bilinear,MuensterDatabase
8802183110727_size_640_480_20140607_204147,skkuinyougDatabase
4046005168822_01_N95_2592x1944_scaledTo800x600bilinear,MuensterDatabase
9006936019568_01_N95_2592x1944_scaledTo800x600bilinear,MuensterDatabase
PICT00sdf27,InsubriaDatabase1
5102009105,InsubriaDatabase1
4013200881764_01_N95_2592x1944_scaledTo800x600bilinear,MuensterDatabase
4035375005011_01_N95_2592x1944_scaledTo800x600bilinear,MuensterDatabase
4008153740190_01_N95_2592x1944_scaledTo800x600bilinear,MuensterDatabase
5705691101030_01_N95_2592x1944_scaledTo800x600bilinear,MuensterDatabase
4305399064050_01_N95_2592x1944_scaledTo800x600bilinear,MuensterDatabase
7613031294152_01_N95_2592x1944_scaledTo800x600bilinear,MuensterDatabase
4037300108460_01_N95_2592x1944_scaledTo800x600bilinear,MuensterDatabase
Foto(816),InsubriaDatabase2
5102009180,InsubriaDatabase1
8715186830311_01_N95_2592x1944_scaledTo800x600bilinear,MuensterDatabase
Foto(727),InsubriaDatabase2
4006333380914_01_N95_2592x1944_scaledTo800x600bilinear,MuensterDatabase
4008617029618_01_N95_2592x1944_scaledTo800x600bilinear,MuensterDatabase
2007001491293_01_N95_2592x1944_scaledTo800x600bilinear,MuensterDatabase
5102009125,InsubriaDatabase1
4011200136907_01_N95_2592x1944_scaledTo800x600bilinear,MuensterDatabase
8021425074508_01_N95_2592x1944_scaledTo800x600bilinear,MuensterDatabase
4010468200320_01_N95_2592x1944_scaledTo800x600bilinear,MuensterDatabase
4008400160924_01_N95_2592x1944_scaledTo800x600bilinear,MuensterDatabase
7318307603002_01_N95_2592x1944_scaledTo800x600bilinear,MuensterDatabase
4101820903864_01_N95_2592x1944_scaledTo800x600bilinear,MuensterDatabase
Foto(737),InsubriaDatabase2
4002448006473_01_N95_2592x1944_scaledTo800x600bilinear,MuensterDatabase
8809022000119_size_640_480_20140607_203334,skkuinyougDatabase
7610928012073_01_N95_2592x1944_scaledTo800x600bilinear,MuensterDatabase
8809267012731_size_640_480_20140607_202817,skkuinyougDatabase
4009418101848_01_N95_2592x1944_scaledTo800x600bilinear,MuensterDatabase
Foto(706),InsubriaDatabase2
8437016945148_2,openfoodDatabase
8809398200069_size_640_480_20140607_202843,skkuinyougDatabase
4015000523196_01_N95_2592x1944_scaledTo800x600bilinear,MuensterDatabase
4007237015803_01_N95_2592x1944_scaledTo800x600bilinear,MuensterDatabase
4052400031050_01_N95_2592x1944_scaledTo800x600bilinear,MuensterDatabase
4000516011053_02_N95_2592x1944_scaledTo800x600bilinear,MuensterDatabase
7392254483498_01_N95_2592x1944_scaledTo800x600bilinear,MuensterDatabase
Foto(710),InsubriaDatabase2
4009071014271_01_N95_2592x1944_scaledTo800x600bilinear,MuensterDatabase
8715186853815_01_N95_2592x1944_scaledTo800x600bilinear,MuensterDatabase
5102009148,InsubriaDatabase1
4000196015112_01_N95_2592x1944_scaledTo800x600bilinear,MuensterDatabase
4250665323495_1,openfoodDatabase
4004353019159_01_N95_2592x1944_scaledTo800x600bilinear,MuensterDatabase
5102009146,InsubriaDatabase1
5102009124,InsubriaDatabase1
4005556271306_01_N95_2592x1944_scaledTo800x600bilinear,MuensterDatabase
4006067842962_01_N95_2592x1944_scaledTo800x600bilinear,MuensterDatabase
4001845527000_01_N95_2592x1944_scaledTo800x600bilinear,MuensterDatabase
4005800225062_01_N95_2592x1944_scaledTo800x600bilinear,MuensterDatabase
4006825156980_01_N95_2592x1944_scaledTo800x600bilinear,MuensterDatabase
4005808198863_01_N95_2592x1944_scaledTo800x600bilinear,MuensterDatabase
4305399042355_01_N95_2592x1944_scaledTo800x600bilinear,MuensterDatabase
4058700200448_01_N95_2592x1944_scaledTo800x600bilinear,MuensterDatabase
4000521593506_01_N95_2592x1944_scaledTo800x600bilinear,MuensterDatabase
9002759812614_01_N95_2592x1944_scaledTo800x600bilinear,MuensterDatabase
4052700093079_3,openfoodDatabase
8807841041467_size_640_480_20140607_203407,skkuinyougDatabase
4001133245814_01_N95_2592x1944_scaledTo800x600bilinear,MuensterDatabase
4009233014002_01_N95_2592x1944_scaledTo800x600bilinear,MuensterDatabase
Foto(502),InsubriaDatabase2
4013307322573_01_N95_2592x1944_scaledTo800x600bilinear,MuensterDatabase
4001044170182_01_N95_2592x1944_scaledTo800x600bilinear,MuensterDatabase
Foto(496),InsubriaDatabase2
4000400002150_01_N95_2592x1944_scaledTo800x600bilinear,MuensterDatabase
4000290008195_01_N95_2592x1944_scaledTo800x600bilinear,MuensterDatabase
4006639318086_01_N95_2592x1944_scaledTo800x600bilinear,MuensterDatabase
4006395692093_01_N95_2592x1944_scaledTo800x600bilinear,MuensterDatabase
4003780119739_01_N95_2592x1944_scaledTo800x600bilinear,MuensterDatabase
8004800002389_size_640_480_20140607_202234,skkuinyougDatabase
4893913860603_01_N95_2592x1944_scaledTo800x600bilinear,MuensterDatabase
Foto(742),InsubriaDatabase2
4002940199673_02_N95_2592x1944_scaledTo800x600bilinear,MuensterDatabase
4004353047213_02_N95_2592x1944_scaledTo800x600bilinear,MuensterDatabase
0215861038509_1,openfoodDatabase
2152663000991_1,openfoodDatabase
4100650200815_01_N95_2592x1944_scaledTo800x600bilinear,MuensterDatabase
8801068085754_size_640_480_20140607_202751,skkuinyougDatabase
4242003396872_01_N95_2592x1944_scaledTo800x600bilinear,MuensterDatabase
4000501382069_01_N95_2592x1944_scaledTo800x600bilinear,MuensterDatabase
4006325677718_01_N95_2592x1944_scaledTo800x600bilinear,MuensterDatabase
5102009177,InsubriaDatabase1
4002473754455_01_N95_2592x1944_scaledTo800x600bilinear,MuensterDatabase
2005166466002_01_N95_2592x1944_scaledTo800x600bilinear,MuensterDatabase
3456700083749_1,openfoodDatabase
8809030491022_size_640_480_20140607_204019,skkuinyougDatabase
8805610314033_size_640_480_20140607_204118,skkuinyougDatabase
8801157491312_size_640_480_20140607_202504,skkuinyougDatabase
4306188029755_01_N95_2592x1944_scaledTo800x600bilinear,MuensterDatabase
8809022419669_size_640_480_20140607_203445,skkuinyougDatabase
9002759718800_01_N95_2592x1944_scaledTo800x600bilinear,MuensterDatabase
Foto(789),InsubriaDatabase2
5102009134,InsubriaDatabase1
4006885345300_01_N95_2592x1944_scaledTo800x600bilinear,MuensterDatabase
8801074333085_size_640_480_20140607_203026,skkuinyougDatabase
4001497287208_02_N95_2592x1944_scaledTo800x600bilinear,MuensterDatabase
5102009141,InsubriaDatabase1
4000503211008_01_N95_2592x1944_scaledTo800x600bilinear,MuensterDatabase
7613030780618_01_N95_2592x1944_scaledTo800x600bilinear,MuensterDatabase
8000850210422_01_N95_2592x1944_scaledTo800x600bilinear,MuensterDatabase
4006825504446_01_N95_2592x1944_scaledTo800x600bilinear,MuensterDatabase
3700238314159_2,openfoodDatabase
5000174371529_01_N95_2592x1944_scaledTo800x600bilinear,MuensterDatabase
6102009245,InsubriaDatabase1
4000680703266_02_N95_2592x1944_scaledTo800x600bilinear,MuensterDatabase
8001665703901_1,openfoodDatabase
4010243016351_01_N95_2592x1944_scaledTo800x600bilinear,MuensterDatabase
9322214006229_01_N95_2592x1944_scaledTo800x600bilinear,MuensterDatabase
7322540245554_01_N95_2592x1944_scaledTo800x600bilinear,MuensterDatabase
8801062636822_size_640_480_20140607_201846,skkuinyougDatabase
8886015433123_size_640_480_20140607_201857,skkuinyougDatabase
2003889393001_01_N95_2592x1944_scaledTo800x600bilinear,MuensterDatabase
4009071037508_01_N95_2592x1944_scaledTo800x600bilinear,MuensterDatabase
4006067006173_01_N95_2592x1944_scaledTo800x600bilinear,MuensterDatabase
8715169005026_01_N95_2592x1944_scaledTo800x600bilinear,MuensterDatabase
4001497321308_01_N95_2592x1944_scaledTo800x600bilinear,MuensterDatabase
3355430000302_2,openfoodDatabase
5102009202,InsubriaDatabase1
8717163559802_01_N95_2592x1944_scaledTo800x600bilinear,MuensterDatabase
8024559002379_01_N95_2592x1944_scaledTo800x600bilinear,MuensterDatabase
4003548078537_01_N95_2592x1944_scaledTo800x600bilinear,MuensterDatabase
8410100017563_2,openfoodDatabase
4000339457823_01_N95_2592x1944_scaledTo800x600bilinear,MuensterDatabase
5102009155,InsubriaDatabase1
8801037022186_size_640_480_20140607_202635,skkuinyougDatabase
8801753000918_size_640_480_20140607_202602,skkuinyougDatabase
Foto(723),InsubriaDatabase2
3598580630047_01_N95_2592x1944_scaledTo800x600bilinear,MuensterDatabase
PICT00awd25,InsubriaDatabase1
4003387001017_01_N95_2592x1944_scaledTo800x600bilinear,MuensterDatabase
4026600847100_01_N95_2592x1944_scaledTo800x600bilinear,MuensterDatabase
8809332770764_size_640_480_20140607_203543,skkuinyougDatabase
4305399048906_01_N95_2592x1944_scaledTo800x600bilinear,MuensterDatabase
5102009165,InsubriaDatabase1
Foto(539),InsubriaDatabase2
4045500012715_01_N95_2592x1944_scaledTo800x600bilinear,MuensterDatabase
4012406789102_01_N95_2592x1944_scaledTo800x600bilinear,MuensterDatabase
2007001886419_01_N95_2592x1944_scaledTo800x600bilinear,MuensterDatabase
8020119056035_01_N95_2592x1944_scaledTo800x600bilinear,MuensterDatabase
4714449096116_01_N95_2592x1944_scaledTo800x600bilinear,MuensterDatabase
3182550402538_01_N95_2592x1944_scaledTo800x600bilinear,MuensterDatabase
8801047181057_size_640_480_20140607_203621,skkuinyougDatabase
4015000302036_01_N95_2592x1944_scaledTo800x600bilinear,MuensterDatabase
Foto(744),InsubriaDatabase2
4004353067273_01_N95_2592x1944_scaledTo800x600bilinear,MuensterDatabase
8022628330095_01_N95_2592x1944_scaledTo800x600bilinear,MuensterDatabase
8801062517916_size_640_480_20140607_201728,skkuinyougDatabase
4893913599183_01_N95_2592x1944_scaledTo800x600bilinear,MuensterDatabase
4041500056025_01_N95_2592x1944_scaledTo800x600bilinear,MuensterDatabase
4008137002207_01_N95_2592x1944_scaledTo800x600bilinear,MuensterDatabase
4012406870305_01_N95_2592x1944_scaledTo800x600bilinear,MuensterDatabase
8805191519131_size_640_480_20140607_204155,skkuinyougDatabase
Foto(858),InsubriaDatabase2
5102009203,InsubriaDatabase1
8715169001509_01_N95_2592x1944_scaledTo800x600bilinear,MuensterDatabase
4008617661009_01_N95_2592x1944_scaledTo800x600bilinear,MuensterDatabase
4001133222426_01_N95_2592x1944_scaledTo800x600bilinear,MuensterDatabase
Foto(568),InsubriaDatabase2
5102009161,InsubriaDatabase1
8809022410055_size_640_480_20140607_203311,skkuinyougDatabase
Foto(836),InsubriaDatabase2
4006521008064_01_N95_2592x1944_scaledTo800x600bilinear,MuensterDatabase
Foto(501),InsubriaDatabase2
9008420501238_01_N95_2592x1944_scaledTo800x600bilinear,MuensterDatabase
4007552306624_01_N95_2592x1944_scaledTo800x600bilinear,MuensterDatabase
4008402863397_01_N95_2592x1944_scaledTo800x600bilinear,MuensterDatabase
4041500061029_01_N95_2592x1944_scaledTo800x600bilinear,MuensterDatabase
Foto(724),InsubriaDatabase2
Foto(788),InsubriaDatabase2
4306188227380_01_N95_2592x1944_scaledTo800x600bilinear,MuensterDatabase
3165950308150_01_N95_2592x1944_scaledTo800x600bilinear,MuensterDatabase
4008913876503_01_N95_2592x1944_scaledTo800x600bilinear,MuensterDatabase
4023900430018_01_N95_2592x1944_scaledTo800x600bilinear,MuensterDatabase
8022840298241_01_N95_2592x1944_scaledTo800x600bilinear,MuensterDatabase
8411384005062_1,openfoodDatabase
8809093121034_size_640_480_20140607_203512,skkuinyougDatabase
4306188020158_01_N95_2592x1944_scaledTo800x600bilinear,MuensterDatabase
4305399029172_01_N95_2592x1944_scaledTo800x600bilinear,MuensterDatabase
4067700011022_01_N95_2592x1944_scaledTo800x600bilinear,MuensterDatabase
4000602002323_01_N95_2592x1944_scaledTo800x600bilinear,MuensterDatabase
4103810091223_01_N95_2592x1944_scaledTo800x600bilinear,MuensterDatabase
4006952002259_01_N95_2592x1944_scaledTo800x600bilinear,MuensterDatabase
8801166012577_size_640_480_20140607_203648,skkuinyougDatabase
0211493013129_1,openfoodDatabase
Foto(677),InsubriaDatabase2
4001936022100_01_N95_2592x1944_scaledTo800x600bilinear,MuensterDatabase
4007841574116_01_N95_2592x1944_scaledTo800x600bilinear,MuensterDatabase
4002859217215_01_N95_2592x1944_scaledTo800x600bilinear,MuensterDatabase
8801005214285_size_640_480_20140607_203326,skkuinyougDatabase
8808318406810_size_640_480_20140607_203012,skkuinyougDatabase
Foto(696),InsubriaDatabase2
5102009103,InsubriaDatabase1
3123931423032_01_N95_2592x1944_scaledTo800x600bilinear,MuensterDatabase
5102009219,InsubriaDatabase1
Foto(709),InsubriaDatabase2
4009932005837_01_N95_2592x1944_scaledTo800x600bilinear,MuensterDatabase
4007965016004_01_N95_2592x1944_scaledTo800x600bilinear,MuensterDatabase
Foto(767),InsubriaDatabase2
5000436604877_size_640_480_20140607_201305,skkuinyougDatabase
2431628035293_1,openfoodDatabase
Foto(820),InsubriaDatabase2
4000400002945_01_N95_2592x1944_scaledTo800x600bilinear,MuensterDatabase
Foto(533),InsubriaDatabase2
7322540290967_01_N95_2592x1944_scaledTo800x600bilinear,MuensterDatabase
PICfggfhT0018,InsubriaDatabase1
7310791192185_01_N95_2592x1944_scaledTo800x600bilinear,MuensterDatabase
4058700621052_02_N95_2592x1944_scaledTo800x600bilinear,MuensterDatabase
5102009162,InsubriaDatabase1
4026400500137_01_N95_2592x1944_scaledTo800x600bilinear,MuensterDatabase
4016565126792_01_N95_2592x1944_scaledTo800x600bilinear,MuensterDatabase
3422882000423_3,openfoodDatabase
8809073220054_size_640_480_20140607_203354,skkuinyougDatabase
Foto(537),InsubriaDatabase2
4013200881139_01_N95_2592x1944_scaledTo800x600bilinear,MuensterDatabase
4001883294667_01_N95_2592x1944_scaledTo800x600bilinear,MuensterDatabase
4001608203981_01_N95_2592x1944_scaledTo800x600bilinear,MuensterDatabase
3258831092795_2,openfoodDatabase
4026400204462_01_N95_2592x1944_scaledTo800x600bilinear,MuensterDatabase
2875408029247_01_N95_2592x1944_scaledTo800x600bilinear,MuensterDatabase
7896004005249_1,openfoodDatabase
8809022000331_size_640_480_20140607_203313,skkuinyougDatabase
5021047102439_2,openfoodDatabase
8801115115151_size_640_480_20140607_202521,skkuinyougDatabase
4045800767308_01_N95_2592x1944_scaledTo800x600bilinear,MuensterDatabase
4002359176302_01_N95_2592x1944_scaledTo800x600bilinear,MuensterDatabase
0211185010047_1,openfoodDatabase
4007552306105_01_N95_2592x1944_scaledTo800x600bilinear,MuensterDatabase
8809022413056_size_640_480_20140607_203306,skkuinyougDatabase
4008789044914_01_N95_2592x1944_scaledTo800x600bilinear,MuensterDatabase
8801207041115_size_640_480_20140607_202535,skkuinyougDatabase
3303640000537_2,openfoodDatabase
4015000017084_01_N95_2592x1944_scaledTo800x600bilinear,MuensterDatabase
4023900535645_01_N95_2592x1944_scaledTo800x600bilinear,MuensterDatabase
3760241200115_1,openfoodDatabase
5102009223,InsubriaDatabase1
7322540290936_01_N95_2592x1944_scaledTo800x600bilinear,MuensterDatabase
2007001523239_01_N95_2592x1944_scaledTo800x600bilinear,MuensterDatabase
PIadwCT0019,InsubriaDatabase1
Foto(762),InsubriaDatabase2
Foto(703),InsubriaDatabase2
Foto(840),InsubriaDatabase2
Foto(847),InsubriaDatabase2
4046871000370_01_N95_2592x1944_scaledTo800x600bilinear,MuensterDatabase
0247534029262_1,openfoodDatabase
2007002127672_01_N95_2592x1944_scaledTo800x600bilinear,MuensterDatabase
6102009244,InsubriaDatabase1
5102009144,InsubriaDatabase1
4013200105228_01_N95_2592x1944_scaledTo800x600bilinear,MuensterDatabase
2165742004797_1,openfoodDatabase
4305615516011_01_N95_2592x1944_scaledTo800x600bilinear,MuensterDatabase
8424818182291_2,openfoodDatabase
3390122203951_1,openfoodDatabase
3574660036671_01_N95_2592x1944_scaledTo800x600bilinear,MuensterDatabase
4013300034749_01_N95_2592x1944_scaledTo800x600bilinear,MuensterDatabase
Foto(764),InsubriaDatabase2
4000400037541_01_N95_2592x1944_scaledTo800x600bilinear,MuensterDatabase
5102009143,InsubriaDatabase1
4015000017121_03_N95_2592x1944_scaledTo800x600bilinear,MuensterDatabase
3574660322590_01_N95_2592x1944_scaledTo800x600bilinear,MuensterDatabase
4306188029823_01_N95_2592x1944_scaledTo800x600bilinear,MuensterDatabase
3580281813034_2,openfoodDatabase
9005437750031_01_N95_2592x1944_scaledTo800x600bilinear,MuensterDatabase
4000680703266_01_N95_2592x1944_scaledTo800x600bilinear,MuensterDatabase
PICT00daw23,InsubriaDatabase1
8801062636860_size_640_480_20140607_201833,skkuinyougDatabase
6102009247,InsubriaDatabase1
4015000525596_01_N95_2592x1944_scaledTo800x600bilinear,MuensterDatabase
4004353067280_01_N95_2592x1944_scaledTo800x600bilinear,MuensterDatabase
8801083344508_size_640_480_20140607_202111,skkuinyougDatabase
4015000019927_01_N95_2592x1944_scaledTo800x600bilinear,MuensterDatabase
Foto(763),InsubriaDatabase2
4002644614021_01_N95_2592x1944_scaledTo800x600bilinear,MuensterDatabase
0206028035554_1,openfoodDatabase
4305399036859_01_N95_2592x1944_scaledTo800x600bilinear,MuensterDatabase
Foto(819),InsubriaDatabase2
8801069178042_size_640_480_20140607_202514,skkuinyougDatabase
4001133295918_01_N95_2592x1944_scaledTo800x600bilinear,MuensterDatabase
9002740218234_01_N95_2592x1944_scaledTo800x600bilinear,MuensterDatabase
8805123800276_size_640_480_20140607_204109,skkuinyougDatabase
8722700060222_02_N95_2592x1944_scaledTo800x600bilinear,MuensterDatabase
4007552306051_01_N95_2592x1944_scaledTo800x600bilinear,MuensterDatabase
7899572806164_2,openfoodDatabase
3760253840927_2,openfoodDatabase
PICawdT0024,InsubriaDatabase1
4001513007650_01_N95_2592x1944_scaledTo800x600bilinear,MuensterDatabase
5102009187,InsubriaDatabase1
4006545023784_01_N95_2592x1944_scaledTo800x600bilinear,MuensterDatabase
4008146790805_01_N95_2592x1944_scaledTo800x600bilinear,MuensterDatabase
4006508121243_01_N95_2592x1944_scaledTo800x600bilinear,MuensterDatabase
4008158016078_02_N95_2592x1944_scaledTo800x600bilinear,MuensterDatabase
4002448027140_01_N95_2592x1944_scaledTo800x600bilinear,MuensterDatabase
4013200105402_01_N95_2592x1944_scaledTo800x600bilinear,MuensterDatabase
Foto(828),InsubriaDatabase2
4971381320321_size_640_480_20140607_203927,skkuinyougDatabase
4002676212042_01_N95_2592x1944_scaledTo800x600bilinear,MuensterDatabase
2007002164479_01_N95_2592x1944_scaledTo800x600bilinear,MuensterDatabase
3275461001775_1,openfoodDatabase
5102009166,InsubriaDatabase1
8022628330033_01_N95_2592x1944_scaledTo800x600bilinear,MuensterDatabase
8027788361347_01_N95_2592x1944_scaledTo800x600bilinear,MuensterDatabase
4002940380583_01_N95_2592x1944_scaledTo800x600bilinear,MuensterDatabase
4017026058898_01_N95_2592x1944_scaledTo800x600bilinear,MuensterDatabase
4002473747457_01_N95_2592x1944_scaledTo800x600bilinear,MuensterDatabase
5410316296564_01_N95_2592x1944_scaledTo800x600bilinear,MuensterDatabase
5102009133,InsubriaDatabase1
4053700260256_01_N95_2592x1944_scaledTo800x600bilinear,MuensterDatabase
4026175043419_01_N95_2592x1944_scaledTo800x600bilinear,MuensterDatabase
4002971293203_01_N95_2592x1944_scaledTo800x600bilinear,MuensterDatabase
5705691102051_01_N95_2592x1944_scaledTo800x600bilinear,MuensterDatabase
4000007037234_01_N95_2592x1944_scaledTo800x600bilinear,MuensterDatabase
3264057554320_1,openfoodDatabase
8024559002362_01_N95_2592x1944_scaledTo800x600bilinear,MuensterDatabase
4008400721620_01_N95_2592x1944_scaledTo800x600bilinear,MuensterDatabase
4006067907517_01_N95_2592x1944_scaledTo800x600bilinear,MuensterDatabase
3662852000415_3,openfoodDatabase
3222476758729_2,openfoodDatabase
4016348019396_01_N95_2592x1944_scaledTo800x600bilinear,MuensterDatabase
5410228223054_2,openfoodDatabase
4004353036408_01_N95_2592x1944_scaledTo800x600bilinear,MuensterDatabase
Foto(406),InsubriaDatabase2
4001845521107_01_N95_2592x1944_scaledTo800x600bilinear,MuensterDatabase
3057640182693_01_N95_2592x1944_scaledTo800x600bilinear,MuensterDatabase
5102009123,InsubriaDatabase1
Foto(687),InsubriaDatabase2
Foto(506),InsubriaDatabase2
4005568700900_01_N95_2592x1944_scaledTo800x600bilinear,MuensterDatabase
8809390460232_size_640_480_20140607_202932,skkuinyougDatabase
4009049221984_01_N95_2592x1944_scaledTo800x600bilinear,MuensterDatabase
4009418108755_01_N95_2592x1944_scaledTo800x600bilinear,MuensterDatabase
5102009142,InsubriaDatabase1
Foto(694),InsubriaDatabase2
3462800000302_1,openfoodDatabase
4007764691464_01_N95_2592x1944_scaledTo800x600bilinear,MuensterDatabase
6102009250,InsubriaDatabase1
PICT0050,InsubriaDatabase1
Foto(720),InsubriaDatabase2
8804973302602_size_640_480_20140607_201953,skkuinyougDatabase
Foto(519),InsubriaDatabase2
8809041901107_size_640_480_20140607_204214,skkuinyougDatabase
4004353606786_01_N95_2592x1944_scaledTo800x600bilinear,MuensterDatabase
8076809513654_01_N95_2592x1944_scaledTo800x600bilinear,MuensterDatabase
4006501025128_01_N95_2592x1944_scaledTo800x600bilinear,MuensterDatabase
3121040014394_01_N95_2592x1944_scaledTo800x600bilinear,MuensterDatabase
8717163581407_01_N95_2592x1944_scaledTo800x600bilinear,MuensterDatabase
Foto(768),InsubriaDatabase2
3600520825601_01_N95_2592x1944_scaledTo800x600bilinear,MuensterDatabase
8803718101456_size_640_480_20140607_201745,skkuinyougDatabase
8410087604800_2,openfoodDatabase
4012406803662_01_N95_2592x1944_scaledTo800x600bilinear,MuensterDatabase
Foto(839),InsubriaDatabase2
3760046253835_2,openfoodDatabase
4006067088827_01_N95_2592x1944_scaledTo800x600bilinear,MuensterDatabase
4002940368024_01_N95_2592x1944_scaledTo800x600bilinear,MuensterDatabase
3123931280338_1,openfoodDatabase
Foto(691),InsubriaDatabase2
4005781155112_01_N95_2592x1944_scaledTo800x600bilinear,MuensterDatabase
4000823061109_02_N95_2592x1944_scaledTo800x600bilinear,MuensterDatabase
4000400105608_01_N95_2592x1944_scaledTo800x600bilinear,MuensterDatabase
8024559000740_01_N95_2592x1944_scaledTo800x600bilinear,MuensterDatabase
8801166376891_size_640_480_20140607_203905,skkuinyougDatabase
8809030491039_size_640_480_20140607_204014,skkuinyougDatabase
0211633025326_1,openfoodDatabase
8801753000918_size_640_480_20140607_202559,skkuinyougDatabase
4035701630054_01_N95_2592x1944_scaledTo800x600bilinear,MuensterDatabase
8809354400885_size_640_480_20140607_203551,skkuinyougDatabase
6102009242,InsubriaDatabase1
Foto(708),InsubriaDatabase2
4002524130085_01_N95_2592x1944_scaledTo800x600bilinear,MuensterDatabase
Foto(505),InsubriaDatabase2
4001683001335_01_N95_2592x1944_scaledTo800x600bilinear,MuensterDatabase
4967825561023_01_N95_2592x1944_scaledTo800x600bilinear,MuensterDatabase
5000112547412_01_N95_2592x1944_scaledTo800x600bilinear,MuensterDatabase
2007002006212_01_N95_2592x1944_scaledTo800x600bilinear,MuensterDatabase
5102009186,InsubriaDatabase1
4041131001098_01_N95_2592x1944_scaledTo800x600bilinear,MuensterDatabase
4005808650507_01_N95_2592x1944_scaledTo800x600bilinear,MuensterDatabase
2010945099999_2,openfoodDatabase
4009310906909_01_N95_2592x1944_scaledTo800x600bilinear,MuensterDatabase
4037300108378_01_N95_2592x1944_scaledTo800x600bilinear,MuensterDatabase
4008617030935_01_N95_2592x1944_scaledTo800x600bilinear,MuensterDatabase
4008233042433_01_N95_2592x1944_scaledTo800x600bilinear,MuensterDatabase
4058700520430_01_N95_2592x1944_scaledTo800x600bilinear,MuensterDatabase
4006724670013_01_N95_2592x1944_scaledTo800x600bilinear,MuensterDatabase
3457040288764_1,openfoodDatabase
3222475403064_2,openfoodDatabase
4000188151736_01_N95_2592x1944_scaledTo800x600bilinear,MuensterDatabase
8809164221922_size_640_480_20140607_202051,skkuinyougDatabase
4058700621434_01_N95_2592x1944_scaledTo800x600bilinear,MuensterDatabase
8076809529457_01_N95_2592x1944_scaledTo800x600bilinear,MuensterDatabase
5411188523307_01_N95_2592x1944_scaledTo800x600bilinear,MuensterDatabase
Foto(726),InsubriaDatabase2
4011097209562_01_N95_2592x1944_scaledTo800x600bilinear,MuensterDatabase
8000400061115_01_N95_2592x1944_scaledTo800x600bilinear,MuensterDatabase
4000516800046_02_N95_2592x1944_scaledTo800x600bilinear,MuensterDatabase
5410683018059_01_N95_2592x1944_scaledTo800x600bilinear,MuensterDatabase
4001608204131_01_N95_2592x1944_scaledTo800x600bilinear,MuensterDatabase
7613076575094_01_N95_2592x1944_scaledTo800x600bilinear,MuensterDatabase
Foto(757),InsubriaDatabase2
5701379434506_2,openfoodDatabase
Foto(477),InsubriaDatabase2
4100310725306_01_N95_2592x1944_scaledTo800x600bilinear,MuensterDatabase
4000999914124_01_N95_2592x1944_scaledTo800x600bilinear,MuensterDatabase
4000515001017_01_N95_2592x1944_scaledTo800x600bilinear,MuensterDatabase
6102009251,InsubriaDatabase1
4004353047213_01_N95_2592x1944_scaledTo800x600bilinear,MuensterDatabase
4011200295901_01_N95_2592x1944_scaledTo800x600bilinear,MuensterDatabase
5102009201,InsubriaDatabase1
4016900081205_01_N95_2592x1944_scaledTo800x600bilinear,MuensterDatabase
8801005213127_size_640_480_20140607_202103,skkuinyougDatabase
4006272004599_01_N95_2592x1944_scaledTo800x600bilinear,MuensterDatabase
4018047000101_01_N95_2592x1944_scaledTo800x600bilinear,MuensterDatabase
4012400525133_01_N95_2592x1944_scaledTo800x600bilinear,MuensterDatabase
4052400034150_01_N95_2592x1944_scaledTo800x600bilinear,MuensterDatabase
3574660237870_01_N95_2592x1944_scaledTo800x600bilinear,MuensterDatabase
4002239422604_01_N95_2592x1944_scaledTo800x600bilinear,MuensterDatabase
Foto(716),InsubriaDatabase2
4020500966411_01_N95_2592x1944_scaledTo800x600bilinear,MuensterDatabase
4026396001113_01_N95_2592x1944_scaledTo800x600bilinear,MuensterDatabase
4015878995958_03_N95_2592x1944_scaledTo800x600bilinear,MuensterDatabase
4013200106249_01_N95_2592x1944_scaledTo800x600bilinear,MuensterDatabase
5102009118,InsubriaDatabase1
5102009115,InsubriaDatabase1
4002644614076_01_N95_2592x1944_scaledTo800x600bilinear,MuensterDatabase
8722700046790_01_N95_2592x1944_scaledTo800x600bilinear,MuensterDatabase
4013307319580_01_N95_2592x1944_scaledTo800x600bilinear,MuensterDatabase
5762385084932_01_N95_2592x1944_scaledTo800x600bilinear,MuensterDatabase
2494593028073_1,openfoodDatabase
Foto(690),InsubriaDatabase2
4013752021007_01_N95_2592x1944_scaledTo800x600bilinear,MuensterDatabase
4000286216979_01_N95_2592x1944_scaledTo800x600bilinear,MuensterDatabase
4023900533818_01_N95_2592x1944_scaledTo800x600bilinear,MuensterDatabase
Foto(782),InsubriaDatabase2
5102009135,InsubriaDatabase1
8805610311254_size_640_480_20140607_204127,skkuinyougDatabase
4008664001063_01_N95_2592x1944_scaledTo800x600bilinear,MuensterDatabase
3165950077018_01_N95_2592x1944_scaledTo800x600bilinear,MuensterDatabase
4078500135405_01_N95_2592x1944_scaledTo800x600bilinear,MuensterDatabase
Foto(679),InsubriaDatabase2
4000602004501_01_N95_2592x1944_scaledTo800x600bilinear,MuensterDatabase
4006639317881_01_N95_2592x1944_scaledTo800x600bilinear,MuensterDatabase
2216005000756_01_N95_2592x1944_scaledTo800x600bilinear,MuensterDatabase
Foto(831),InsubriaDatabase2
2327452023509_1,openfoodDatabase
4043946776062_01_N95_2592x1944_scaledTo800x600bilinear,MuensterDatabase
Foto(842),InsubriaDatabase2
8801046994399_size_640_480_20140607_203807,skkuinyougDatabase
Foto(705),InsubriaDatabase2
4000870036983_01_N95_2592x1944_scaledTo800x600bilinear,MuensterDatabase
4001133871815_01_N95_2592x1944_scaledTo800x600bilinear,MuensterDatabase
4007764691464_02_N95_2592x1944_scaledTo800x600bilinear,MuensterDatabase
4000159545014_01_N95_2592x1944_scaledTo800x600bilinear,MuensterDatabase
7318305696006_01_N95_2592x1944_scaledTo800x600bilinear,MuensterDatabase
8808488004334_size_640_480_20140607_203347,skkuinyougDatabase
3700821902909_1,openfoodDatabase
Foto(738),InsubriaDatabase2
8809030491039_size_640_480_20140607_204009,skkuinyougDatabase
4005500076087_01_N95_2592x1944_scaledTo800x600bilinear,MuensterDatabase
4015000501156_01_N95_2592x1944_scaledTo800x600bilinear,MuensterDatabase
4015000017121_01_N95_2592x1944_scaledTo800x600bilinear,MuensterDatabase
Foto(495),InsubriaDatabase2
4000516800046_01_N95_2592x1944_scaledTo800x600bilinear,MuensterDatabase
8801115134855_size_640_480_20140607_202517,skkuinyougDatabase
Foto(695),InsubriaDatabase2
5102009117,InsubriaDatabase1
3262151833754_2,openfoodDatabase
4008153741357_01_N95_2592x1944_scaledTo800x600bilinear,MuensterDatabase
4078500812504_01_N95_2592x1944_scaledTo800x600bilinear,MuensterDatabase
4000602150017_01_N95_2592x1944_scaledTo800x600bilinear,MuensterDatabase
8805123794025_size_640_480_20140607_204041,skkuinyougDatabase
3380380077869_1,openfoodDatabase
4000339057726_01_N95_2592x1944_scaledTo800x600bilinear,MuensterDatabase
4306188029717_01_N95_2592x1944_scaledTo800x600bilinear,MuensterDatabase
4008367351137_01_N95_2592x1944_scaledTo800x600bilinear,MuensterDatabase
4062400542081_01_N95_2592x1944_scaledTo800x600bilinear,MuensterDatabase
5102009207,InsubriaDatabase1
8809215560932_size_640_480_20140607_202207,skkuinyougDatabase
4078500112406_01_N95_2592x1944_scaledTo800x600bilinear,MuensterDatabase
4893913999600_01_N95_2592x1944_scaledTo800x600bilinear,MuensterDatabase
Foto(825),InsubriaDatabase2
6102009240,InsubriaDatabase1
5102009106,InsubriaDatabase1
Foto(707),InsubriaDatabase2
3261080112428_01_N95_2592x1944_scaledTo800x600bilinear,MuensterDatabase
Foto(793),InsubriaDatabase2
4007965013003_01_N95_2592x1944_scaledTo800x600bilinear,MuensterDatabase
0075720000814_1,openfoodDatabase
Foto(772),InsubriaDatabase2
4006617675767_01_N95_2592x1944_scaledTo800x600bilinear,MuensterDatabase
6102009246,InsubriaDatabase1
4005800402968_01_N95_2592x1944_scaledTo800x600bilinear,MuensterDatabase
4001608202359_01_N95_2592x1944_scaledTo800x600bilinear,MuensterDatabase
3389682001244_2,openfoodDatabase
4001845525204_01_N95_2592x1944_scaledTo800x600bilinear,MuensterDatabase
Foto(688),InsubriaDatabase2
4004849218301_01_N95_2592x1944_scaledTo800x600bilinear,MuensterDatabase
4006643193716_01_N95_2592x1944_scaledTo800x600bilinear,MuensterDatabase
5102009151,InsubriaDatabase1
4002441039966_01_N95_2592x1944_scaledTo800x600bilinear,MuensterDatabase
4006067088926_01_N95_2592x1944_scaledTo800x600bilinear,MuensterDatabase
4711945737109_size_640_480_20140607_202942,skkuinyougDatabase
4003665361123_01_N95_2592x1944_scaledTo800x600bilinear,MuensterDatabase
4001499162954_01_N95_2592x1944_scaledTo800x600bilinear,MuensterDatabase
4006885552005_01_N95_2592x1944_scaledTo800x600bilinear,MuensterDatabase
4004327183725_01_N95_2592x1944_scaledTo800x600bilinear,MuensterDatabase
4078500023801_01_N95_2592x1944_scaledTo800x600bilinear,MuensterDatabase
Foto(785),InsubriaDatabase2
4007864350735_01_N95_2592x1944_scaledTo800x600bilinear,MuensterDatabase
8886015428136_size_640_480_20140607_201908,skkuinyougDatabase
4016565521191_01_N95_2592x1944_scaledTo800x600bilinear,MuensterDatabase
4002667014358_01_N95_2592x1944_scaledTo800x600bilinear,MuensterDatabase
8809089650142_size_640_480_20140607_203404,skkuinyougDatabase
6600412475256_1,openfoodDatabase
3280950001013_1,openfoodDatabase
4001133838627_01_N95_2592x1944_scaledTo800x600bilinear,MuensterDatabase
4305399071201_01_N95_2592x1944_scaledTo800x600bilinear,MuensterDatabase
Foto(799),InsubriaDatabase2
9006505123047_01_N95_2592x1944_scaledTo800x600bilinear,MuensterDatabase
2007001572312_01_N95_2592x1944_scaledTo800x600bilinear,MuensterDatabase
4902030145637_01_N95_2592x1944_scaledTo800x600bilinear,MuensterDatabase
5102009160,InsubriaDatabase1
5102009222,InsubriaDatabase1
4008617681014_01_N95_2592x1944_scaledTo800x600bilinear,MuensterDatabase
4001133584517_01_N95_2592x1944_scaledTo800x600bilinear,MuensterDatabase
4001518007884_01_N95_2592x1944_scaledTo800x600bilinear,MuensterDatabase
4000400008053_01_N95_2592x1944_scaledTo800x600bilinear,MuensterDatabase
8801062518258_size_640_480_20140607_200928,skkuinyougDatabase
2007001491347_01_N95_2592x1944_scaledTo800x600bilinear,MuensterDatabase
8715186814014_01_N95_2592x1944_scaledTo800x600bilinear,MuensterDatabase
4000293001278_01_N95_2592x1944_scaledTo800x600bilinear,MuensterDatabase
5411361332504_2,openfoodDatabase
4013162006656_01_N95_2592x1944_scaledTo800x600bilinear,MuensterDatabase
8801019309915_size_640_480_20140607_201224,skkuinyougDatabase
8809367690358_size_640_480_20140607_203046,skkuinyougDatabase
8717644148228_01_N95_2592x1944_scaledTo800x600bilinear,MuensterDatabase
3448550008010_2,openfoodDatabase
5102009172,InsubriaDatabase1
2424503026448_1,openfoodDatabase
4045500052001_01_N95_2592x1944_scaledTo800x600bilinear,MuensterDatabase
4711945737116_size_640_480_20140607_202937,skkuinyougDatabase
8801121753941_size_640_480_20140607_202529,skkuinyougDatabase
9002490203597_01_N95_2592x1944_scaledTo800x600bilinear,MuensterDatabase
5102009137,InsubriaDatabase1
Foto(774),InsubriaDatabase2
2007002006250_01_N95_2592x1944_scaledTo800x600bilinear,MuensterDatabase
8809024455788_size_640_480_20140607_201829,skkuinyougDatabase
3171920011272_1,openfoodDatabase
8715186810214_01_N95_2592x1944_scaledTo800x600bilinear,MuensterDatabase
4001120260905_01_N95_2592x1944_scaledTo800x600bilinear,MuensterDatabase
5000174473728_01_N95_2592x1944_scaledTo800x600bilinear,MuensterDatabase
4305399052255_01_N95_2592x1944_scaledTo800x600bilinear,MuensterDatabase
5102009225,InsubriaDatabase1
4000516011053_01_N95_2592x1944_scaledTo800x600bilinear,MuensterDatabase
0011210009585_1,openfoodDatabase
4052700076980_01_N95_2592x1944_scaledTo800x600bilinear,MuensterDatabase
4063500091356_01_N95_2592x1944_scaledTo800x600bilinear,MuensterDatabase
4305399070501_01_N95_2592x1944_scaledTo800x600bilinear,MuensterDatabase
4008913823408_01_N95_2592x1944_scaledTo800x600bilinear,MuensterDatabase
Foto(549),InsubriaDatabase2
4714449063118_01_N95_2592x1944_scaledTo800x600bilinear,MuensterDatabase
3259426013201_1,openfoodDatabase
5702070054758_01_N95_2592x1944_scaledTo800x600bilinear,MuensterDatabase
4001956545016_01_N95_2592x1944_scaledTo800x600bilinear,MuensterDatabase
4000492501418_01_N95_2592x1944_scaledTo800x600bilinear,MuensterDatabase
4045800767377_01_N95_2592x1944_scaledTo800x600bilinear,MuensterDatabase
4017805064454_01_N95_2592x1944_scaledTo800x600bilinear,MuensterDatabase
4006395324123_01_N95_2592x1944_scaledTo800x600bilinear,MuensterDatabase
4001845525143_01_N95_2592x1944_scaledTo800x600bilinear,MuensterDatabase
Foto(711),InsubriaDatabase2
4003694106443_01_N95_2592x1944_scaledTo800x600bilinear,MuensterDatabase
4011554710105_01_N95_2592x1944_scaledTo800x600bilinear,MuensterDatabase
8801062331857_size_640_480_20140607_201648,skkuinyougDatabase
4001513000613_01_N95_2592x1944_scaledTo800x600bilinear,MuensterDatabase
4037300102437_01_N95_2592x1944_scaledTo800x600bilinear,MuensterDatabase
5010677714006_01_N95_2592x1944_scaledTo800x600bilinear,MuensterDatabase
3760098453825_2,openfoodDatabase
4000400001849_01_N95_2592x1944_scaledTo800x600bilinear,MuensterDatabase
4078500207300_01_N95_2592x1944_scaledTo800x600bilinear,MuensterDatabase
4043002362185_01_N95_2592x1944_scaledTo800x600bilinear,MuensterDatabase
4020500966411_02_N95_2592x1944_scaledTo800x600bilinear,MuensterDatabase
4001702025304_01_N95_2592x1944_scaledTo800x600bilinear,MuensterDatabase
3600520825601_02_N95_2592x1944_scaledTo800x600bilinear,MuensterDatabase
5102009170,InsubriaDatabase1
4062800001645_01_N95_2592x1944_scaledTo800x600bilinear,MuensterDatabase
4011333500354_01_N95_2592x1944_scaledTo800x600bilinear,MuensterDatabase
Foto(815),InsubriaDatabase2
8801270000392_size_640_480_20140607_202135,skkuinyougDatabase
7300400113465_01_N95_2592x1944_scaledTo800x600bilinear,MuensterDatabase
4009241144005_01_N95_2592x1944_scaledTo800x600bilinear,MuensterDatabase
8801005013116_size_640_480_20140607_202851,skkuinyougDatabase
8805610303464_size_640_480_20140607_204115,skkuinyougDatabase
4305399024559_01_N95_2592x1944_scaledTo800x600bilinear,MuensterDatabase
8809390460225_size_640_480_20140607_202927,skkuinyougDatabase
4005009001627_01_N95_2592x1944_scaledTo800x600bilinear,MuensterDatabase
8076802085837_01_N95_2592x1944_scaledTo800x600bilinear,MuensterDatabase
4008402054870_01_N95_2592x1944_scaledTo800x600bilinear,MuensterDatabase
8801121759615_size_640_480_20140607_202532,skkuinyougDatabase
3083680012294_01_N95_2592x1944_scaledTo800x600bilinear,MuensterDatabase
4004353016950_01_N95_2592x1944_scaledTo800x600bilinear,MuensterDatabase
3394150018020_01_N95_2592x1944_scaledTo800x600bilinear,MuensterDatabase
8804612002917_size_640_480_20140607_203428,skkuinyougDatabase
4001518006450_01_N95_2592x1944_scaledTo800x600bilinear,MuensterDatabase
Foto(704),InsubriaDatabase2
4305399070402_01_N95_2592x1944_scaledTo800x600bilinear,MuensterDatabase
4018047000170_01_N95_2592x1944_scaledTo800x600bilinear,MuensterDatabase
4007801109358_01_N95_2592x1944_scaledTo800x600bilinear,MuensterDatabase
Foto(773),InsubriaDatabase2
7613030721123_01_N95_2592x1944_scaledTo800x600bilinear,MuensterDatabase
5029053016832_01_N95_2592x1944_scaledTo800x600bilinear,MuensterDatabase
3574660283020_01_N95_2592x1944_scaledTo800x600bilinear,MuensterDatabase
8697431460361_1,openfoodDatabase
4011160510113_01_N95_2592x1944_scaledTo800x600bilinear,MuensterDatabase
0045496472719_1,openfoodDatabase
3760251820037_2,openfoodDatabase
4002468130127_01_N95_2592x1944_scaledTo800x600bilinear,MuensterDatabase
8710103309819_01_N95_2592x1944_scaledTo800x600bilinear,MuensterDatabase
3600540365576_01_N95_2592x1944_scaledTo800x600bilinear,MuensterDatabase
4011097192628_01_N95_2592x1944_scaledTo800x600bilinear,MuensterDatabase
3222475403064_1,openfoodDatabase
4000582104192_01_N95_2592x1944_scaledTo800x600bilinear,MuensterDatabase
5102009212,InsubriaDatabase1
4017826013004_01_N95_2592x1944_scaledTo800x600bilinear,MuensterDatabase
4045500012029_01_N95_2592x1944_scaledTo800x600bilinear,MuensterDatabase
4009078659734_01_N95_2592x1944_scaledTo800x600bilinear,MuensterDatabase
8801047223450_size_640_480_20140607_202812,skkuinyougDatabase
7290002166832_01_N95_2592x1944_scaledTo800x600bilinear,MuensterDatabase
8801117762506_size_640_480_20140607_202313,skkuinyougDatabase
4002473959652_02_N95_2592x1944_scaledTo800x600bilinear,MuensterDatabase
PICTfhghgfh0039,InsubriaDatabase1
Foto(811),InsubriaDatabase2
4013099003810_01_N95_2592x1944_scaledTo800x600bilinear,MuensterDatabase
4009290058629_01_N95_2592x1944_scaledTo800x600bilinear,MuensterDatabase
Foto(780),InsubriaDatabase2
8714789078687_01_N95_2592x1944_scaledTo800x600bilinear,MuensterDatabase
Foto(784),InsubriaDatabase2
Foto(835),InsubriaDatabase2
2007001572312_02_N95_2592x1944_scaledTo800x600bilinear,MuensterDatabase
4006825456066_02_N95_2592x1944_scaledTo800x600bilinear,MuensterDatabase
Foto(567),InsubriaDatabase2
4007680104932_01_N95_2592x1944_scaledTo800x600bilinear,MuensterDatabase
Foto(817),InsubriaDatabase2
4010716065137_01_N95_2592x1944_scaledTo800x600bilinear,MuensterDatabase
3425470021008_1,openfoodDatabase
5102009183,InsubriaDatabase1
4007591570277_01_N95_2592x1944_scaledTo800x600bilinear,MuensterDatabase
8809304811990_size_640_480_20140607_203523,skkuinyougDatabase
3343001113322_2,openfoodDatabase
4013307328971_02_N95_2592x1944_scaledTo800x600bilinear,MuensterDatabase
8805610311254_size_640_480_20140607_204122,skkuinyougDatabase
4015000326964_01_N95_2592x1944_scaledTo800x600bilinear,MuensterDatabase
5102009214,InsubriaDatabase1
Foto(717),InsubriaDatabase2
4078500098700_01_N95_2592x1944_scaledTo800x600bilinear,MuensterDatabase
8801019307256_size_640_480_20140607_201413,skkuinyougDatabase
5102009121,InsubriaDatabase1
5102009216,InsubriaDatabase1
4002644614038_01_N95_2592x1944_scaledTo800x600bilinear,MuensterDatabase
3389090003342_1,openfoodDatabase
8410104002954_01_N95_2592x1944_scaledTo800x600bilinear,MuensterDatabase
5102009218,InsubriaDatabase1
4030800430505_01_N95_2592x1944_scaledTo800x600bilinear,MuensterDatabase
8850468205439_size_640_480_20140607_202902,skkuinyougDatabase
4002039216304_01_N95_2592x1944_scaledTo800x600bilinear,MuensterDatabase
8801062517855_size_640_480_20140607_201217,skkuinyougDatabase
4306188027683_01_N95_2592x1944_scaledTo800x600bilinear,MuensterDatabase
Foto(740),InsubriaDatabase2
5000119102263_size_640_480_20140607_201106,skkuinyougDatabase
4007581002641_01_N95_2592x1944_scaledTo800x600bilinear,MuensterDatabase
Foto(692),InsubriaDatabase2
4005721080269_01_N95_2592x1944_scaledTo800x600bilinear,MuensterDatabase
4078500140706_01_N95_2592x1944_scaledTo800x600bilinear,MuensterDatabase
4250090807959_01_N95_2592x1944_scaledTo800x600bilinear,MuensterDatabase
4001499130755_01_N95_2592x1944_scaledTo800x600bilinear,MuensterDatabase
3417960000525_2,openfoodDatabase
4000388175303_01_N95_2592x1944_scaledTo800x600bilinear,MuensterDatabase
4305399063558_01_N95_2592x1944_scaledTo800x600bilinear,MuensterDatabase
8809367220456_size_640_480_20140607_204140,skkuinyougDatabase
4008118060127_01_N95_2592x1944_scaledTo800x600bilinear,MuensterDatabase
Foto(543),InsubriaDatabase2
Foto(796),InsubriaDatabase2
9555038903416_size_640_480_20140607_204051,skkuinyougDatabase
Foto(766),InsubriaDatabase2
Foto(790),InsubriaDatabase2
3770008126008_2,openfoodDatabase
4311501625217_5,openfoodDatabase
8809102954257_size_640_480_20140607_202915,skkuinyougDatabase
4001133205511_01_N95_2592x1944_scaledTo800x600bilinear,MuensterDatabase
4001723145005_01_N95_2592x1944_scaledTo800x600bilinear,MuensterDatabase
Foto(743),InsubriaDatabase2
Foto(812),InsubriaDatabase2
4001499140648_02_N95_2592x1944_scaledTo800x600bilinear,MuensterDatabase
5102009159,InsubriaDatabase1
8714789154558_01_N95_2592x1944_scaledTo800x600bilinear,MuensterDatabase
4001608023510_02_N95_2592x1944_scaledTo800x600bilinear,MuensterDatabase
4021472007010_01_N95_2592x1944_scaledTo800x600bilinear,MuensterDatabase
4006010222223_01_N95_2592x1944_scaledTo800x600bilinear,MuensterDatabase
5102009139,InsubriaDatabase1
Foto(556),InsubriaDatabase2
3435020008618_2,openfoodDatabase
Foto(719),InsubriaDatabase2
Foto(725),InsubriaDatabase2
4008496525348_01_N95_2592x1944_scaledTo800x600bilinear,MuensterDatabase
4013200882013_01_N95_2592x1944_scaledTo800x600bilinear,MuensterDatabase
PICT001gfghfg7,InsubriaDatabase1
4058700621052_01_N95_2592x1944_scaledTo800x600bilinear,MuensterDatabase
8809022419676_size_640_480_20140607_203453,skkuinyougDatabase
4005500219101_01_N95_2592x1944_scaledTo800x600bilinear,MuensterDatabase
2868039009054_2,openfoodDatabase
Foto(675),InsubriaDatabase2
8801062279838_size_640_480_20140607_200907,skkuinyougDatabase
4008913814413_01_N95_2592x1944_scaledTo800x600bilinear,MuensterDatabase
4046800118954_01_N95_2592x1944_scaledTo800x600bilinear,MuensterDatabase
3321271194050_2,openfoodDatabase
Foto(713),InsubriaDatabase2
4005721080269_02_N95_2592x1944_scaledTo800x600bilinear,MuensterDatabase
6102009241,InsubriaDatabase1
Foto(534),InsubriaDatabase2
2200458003693_01_N95_2592x1944_scaledTo800x600bilinear,MuensterDatabase
5102009156,InsubriaDatabase1
3228170857409_1,openfoodDatabase
3222270189644_01_N95_2592x1944_scaledTo800x600bilinear,MuensterDatabase
Foto(479),InsubriaDatabase2
8801037022186_size_640_480_20140607_202631,skkuinyougDatabase
4002025050387_01_N95_2592x1944_scaledTo800x600bilinear,MuensterDatabase
8809328118013_size_640_480_20140607_203321,skkuinyougDatabase
5102009157,InsubriaDatabase1
8715700407418_01_N95_2592x1944_scaledTo800x600bilinear,MuensterDatabase
2210187003598_02_N95_2592x1944_scaledTo800x600bilinear,MuensterDatabase
2952211005443_1,openfoodDatabase
4016364008176_01_N95_2592x1944_scaledTo800x600bilinear,MuensterDatabase
4000869060098_02_N95_2592x1944_scaledTo800x600bilinear,MuensterDatabase
8801062278510_size_640_480_20140607_202016,skkuinyougDatabase
4008913810415_01_N95_2592x1944_scaledTo800x600bilinear,MuensterDatabase
4048318010614_01_N95_2592x1944_scaledTo800x600bilinear,MuensterDatabase
8801068085754_size_640_480_20140607_202749,skkuinyougDatabase
4100440007037_01_N95_2592x1944_scaledTo800x600bilinear,MuensterDatabase
4001133323017_01_N95_2592x1944_scaledTo800x600bilinear,MuensterDatabase
4005500037477_01_N95_2592x1944_scaledTo800x600bilinear,MuensterDatabase
4018852004370_01_N95_2592x1944_scaledTo800x600bilinear,MuensterDatabase
8804246022435_size_640_480_20140607_203438,skkuinyougDatabase
4008398220457_01_N95_2592x1944_scaledTo800x600bilinear,MuensterDatabase
4306188029816_01_N95_2592x1944_scaledTo800x600bilinear,MuensterDatabase
Foto(504),InsubriaDatabase2
5411761278457_1,openfoodDatabase
8801117267803_size_640_480_20140607_201735,skkuinyougDatabase
8805425170015_size_640_480_20140607_202801,skkuinyougDatabase
4004353027901_01_N95_2592x1944_scaledTo800x600bilinear,MuensterDatabase
4000503141305_01_N95_2592x1944_scaledTo800x600bilinear,MuensterDatabase
4305399029257_01_N95_2592x1944_scaledTo800x600bilinear,MuensterDatabase
8801007080635_size_640_480_20140607_203123,skkuinyougDatabase
4003735710295_01_N95_2592x1944_scaledTo800x600bilinear,MuensterDatabase
4035129611178_1,openfoodDatabase
3700774300012_2,openfoodDatabase
8006550301040_01_N95_2592x1944_scaledTo800x600bilinear,MuensterDatabase
4012467028806_01_N95_2592x1944_scaledTo800x600bilinear,MuensterDatabase
8809022419652_size_640_480_20140607_203449,skkuinyougDatabase
5025232413997_01_N95_2592x1944_scaledTo800x600bilinear,MuensterDatabase
7290003044481_01_N95_2592x1944_scaledTo800x600bilinear,MuensterDatabase
Foto(542),InsubriaDatabase2
PICT0fgfgh015,InsubriaDatabase1
Foto(760),InsubriaDatabase2
3260890000499_1,openfoodDatabase
4015000012829_01_N95_2592x1944_scaledTo800x600bilinear,MuensterDatabase
Foto(507),InsubriaDatabase2
5410488025207_01_N95_2592x1944_scaledTo800x600bilinear,MuensterDatabase
4037900670350_01_N95_2592x1944_scaledTo800x600bilinear,MuensterDatabase
4006333358814_01_N95_2592x1944_scaledTo800x600bilinear,MuensterDatabase
Foto(728),InsubriaDatabase2
8888077101101_size_640_480_20140607_201705,skkuinyougDatabase
4002448029571_01_N95_2592x1944_scaledTo800x600bilinear,MuensterDatabase
4000290001004_01_N95_2592x1944_scaledTo800x600bilinear,MuensterDatabase
4058700660068_01_N95_2592x1944_scaledTo800x600bilinear,MuensterDatabase
4050300002804_01_N95_2592x1944_scaledTo800x600bilinear,MuensterDatabase
5411188101062_01_N95_2592x1944_scaledTo800x600bilinear,MuensterDatabase
4002575190267_01_N95_2592x1944_scaledTo800x600bilinear,MuensterDatabase
4008233028330_01_N95_2592x1944_scaledTo800x600bilinear,MuensterDatabase
4000508045752_02_N95_2592x1944_scaledTo800x600bilinear,MuensterDatabase
4044600084806_01_N95_2592x1944_scaledTo800x600bilinear,MuensterDatabase
5102009173,InsubriaDatabase1
4078500290807_01_N95_2592x1944_scaledTo800x600bilinear,MuensterDatabase
4015000523196_03_N95_2592x1944_scaledTo800x600bilinear,MuensterDatabase
4004353016387_02_N95_2592x1944_scaledTo800x600bilinear,MuensterDatabase
4306188002246_01_N95_2592x1944_scaledTo800x600bilinear,MuensterDatabase
4002940016215_01_N95_2592x1944_scaledTo800x600bilinear,MuensterDatabase
2216010002202_01_N95_2592x1944_scaledTo800x600bilinear,MuensterDatabase
4015000300773_01_N95_2592x1944_scaledTo800x600bilinear,MuensterDatabase
4807770190186_size_640_480_20140607_201034,skkuinyougDatabase
3483130800554_1,openfoodDatabase
4004353014635_01_N95_2592x1944_scaledTo800x600bilinear,MuensterDatabase
4000400109705_01_N95_2592x1944_scaledTo800x600bilinear,MuensterDatabase
4005009001238_01_N95_2592x1944_scaledTo800x600bilinear,MuensterDatabase
4015000017121_02_N95_2592x1944_scaledTo800x600bilinear,MuensterDatabase
5102009127,InsubriaDatabase1
4007965015809_01_N95_2592x1944_scaledTo800x600bilinear,MuensterDatabase
4008912545509_01_N95_2592x1944_scaledTo800x600bilinear,MuensterDatabase
5102009138,InsubriaDatabase1
3600540365576_02_N95_2592x1944_scaledTo800x600bilinear,MuensterDatabase
Foto(848),InsubriaDatabase2
4000515007125_01_N95_2592x1944_scaledTo800x600bilinear,MuensterDatabase
3462800000302_2,openfoodDatabase
4006638000784_02_N95_2592x1944_scaledTo800x600bilinear,MuensterDatabase
2259797018677_1,openfoodDatabase
4006521004509_01_N95_2592x1944_scaledTo800x600bilinear,MuensterDatabase
PICT0gh009,InsubriaDatabase1
4305399040207_01_N95_2592x1944_scaledTo800x600bilinear,MuensterDatabase
4006638000784_01_N95_2592x1944_scaledTo800x600bilinear,MuensterDatabase
6809369360013_size_640_480_20140607_201058,skkuinyougDatabase
5011417537930_01_N95_2592x1944_scaledTo800x600bilinear,MuensterDatabase
4003310104051_01_N95_2592x1944_scaledTo800x600bilinear,MuensterDatabase
4016364042910_01_N95_2592x1944_scaledTo800x600bilinear,MuensterDatabase
8809022419621_size_640_480_20140607_203500,skkuinyougDatabase
8076809513722_01_N95_2592x1944_scaledTo800x600bilinear,MuensterDatabase
4007680103607_01_N95_2592x1944_scaledTo800x600bilinear,MuensterDatabase
4007554132801_02_N95_2592x1944_scaledTo800x600bilinear,MuensterDatabase
8809285560030_size_640_480_20140607_203417,skkuinyougDatabase
9002759250065_01_N95_2592x1944_scaledTo800x600bilinear,MuensterDatabase
Foto(806),InsubriaDatabase2
4001133929318_01_N95_2592x1944_scaledTo800x600bilinear,MuensterDatabase
2003892380005_01_N95_2592x1944_scaledTo800x600bilinear,MuensterDatabase
Foto(795),InsubriaDatabase2
4005781114560_01_N95_2592x1944_scaledTo800x600bilinear,MuensterDatabase
4000539250408_01_N95_2592x1944_scaledTo800x600bilinear,MuensterDatabase
4068400010124_01_N95_2592x1944_scaledTo800x600bilinear,MuensterDatabase
4005009003003_01_N95_2592x1944_scaledTo800x600bilinear,MuensterDatabase
5102009111,InsubriaDatabase1
Foto(846),InsubriaDatabase2
8809354400885_size_640_480_20140607_202726,skkuinyougDatabase
4011333980309_01_N95_2592x1944_scaledTo800x600bilinear,MuensterDatabase
Foto(759),InsubriaDatabase2
4005808650507_03_N95_2592x1944_scaledTo800x600bilinear,MuensterDatabase
8809003483382_size_640_480_20140607_203340,skkuinyougDatabase
5102009132,InsubriaDatabase1
4000400009012_01_N95_2592x1944_scaledTo800x600bilinear,MuensterDatabase
5411188091417_01_N95_2592x1944_scaledTo800x600bilinear,MuensterDatabase
4010439404115_01_N95_2592x1944_scaledTo800x600bilinear,MuensterDatabase
8410465006707_1,openfoodDatabase
4003222689226_01_N95_2592x1944_scaledTo800x600bilinear,MuensterDatabase
4011097378145_01_N95_2592x1944_scaledTo800x600bilinear,MuensterDatabase
4009078659918_01_N95_2592x1944_scaledTo800x600bilinear,MuensterDatabase
3265776629023_1,openfoodDatabase
4001845525266_01_N95_2592x1944_scaledTo800x600bilinear,MuensterDatabase
8801117536817_size_640_480_20140607_200851,skkuinyougDatabase
3181731140009_01_N95_2592x1944_scaledTo800x600bilinear,MuensterDatabase
8002266000017_01_N95_2592x1944_scaledTo800x600bilinear,MuensterDatabase
Foto(489),InsubriaDatabase2
5102009168,InsubriaDatabase1
Foto(814),InsubriaDatabase2
8801033795893_size_640_480_20140607_202342,skkuinyougDatabase
9001466304337_01_N95_2592x1944_scaledTo800x600bilinear,MuensterDatabase
4305399052507_01_N95_2592x1944_scaledTo800x600bilinear,MuensterDatabase
3389090003342_2,openfoodDatabase
4002644601755_01_N95_2592x1944_scaledTo800x600bilinear,MuensterDatabase
4005808650507_04_N95_2592x1944_scaledTo800x600bilinear,MuensterDatabase
8801068085754_size_640_480_20140607_202745,skkuinyougDatabase
7610995098703_01_N95_2592x1944_scaledTo800x600bilinear,MuensterDatabase
8801204006681_size_640_480_20140607_201739,skkuinyougDatabase
Foto(787),InsubriaDatabase2
5702014499102_01_N95_2592x1944_scaledTo800x600bilinear,MuensterDatabase
4001743079250_01_N95_2592x1944_scaledTo800x600bilinear,MuensterDatabase
3760241200115_2,openfoodDatabase
5102009184,InsubriaDatabase1
8809304811044_size_640_480_20140607_203527,skkuinyougDatabase
4008666212016_01_N95_2592x1944_scaledTo800x600bilinear,MuensterDatabase
2003890463007_01_N95_2592x1944_scaledTo800x600bilinear,MuensterDatabase
4015000090742_01_N95_2592x1944_scaledTo800x600bilinear,MuensterDatabase
5102009213,InsubriaDatabase1
4001499012358_01_N95_2592x1944_scaledTo800x600bilinear,MuensterDatabase
8801051065596_size_640_480_20140607_203752,skkuinyougDatabase
4000400130686_01_N95_2592x1944_scaledTo800x600bilinear,MuensterDatabase
3104931615917_2,openfoodDatabase
4000400037947_01_N95_2592x1944_scaledTo800x600bilinear,MuensterDatabase
4710723400266_01_N95_2592x1944_scaledTo800x600bilinear,MuensterDatabase
4005009001887_01_N95_2592x1944_scaledTo800x600bilinear,MuensterDatabase
5000112547689_01_N95_2592x1944_scaledTo800x600bilinear,MuensterDatabase
4008666206503_01_N95_2592x1944_scaledTo800x600bilinear,MuensterDatabase
5102009158,InsubriaDatabase1
4013307328971_01_N95_2592x1944_scaledTo800x600bilinear,MuensterDatabase
0202264031091_1,openfoodDatabase
4000400002204_01_N95_2592x1944_scaledTo800x600bilinear,MuensterDatabase
4037300039115_01_N95_2592x1944_scaledTo800x600bilinear,MuensterDatabase
4017026058867_02_N95_2592x1944_scaledTo800x600bilinear,MuensterDatabase
3121040021132_01_N95_2592x1944_scaledTo800x600bilinear,MuensterDatabase
4004353016387_01_N95_2592x1944_scaledTo800x600bilinear,MuensterDatabase
4005009001870_01_N95_2592x1944_scaledTo800x600bilinear,MuensterDatabase
4002644601786_01_N95_2592x1944_scaledTo800x600bilinear,MuensterDatabase
4011097378152_01_N95_2592x1944_scaledTo800x600bilinear,MuensterDatabase
4006724670013_02_N95_2592x1944_scaledTo800x600bilinear,MuensterDatabase
4023900190387_01_N95_2592x1944_scaledTo800x600bilinear,MuensterDatabase
4013200914431_01_N95_2592x1944_scaledTo800x600bilinear,MuensterDatabase
3390124001852_1,openfoodDatabase
Foto(573),InsubriaDatabase2
4306188220664_01_N95_2592x1944_scaledTo800x600bilinear,MuensterDatabase
3760098453825_1,openfoodDatabase
4011315018129_01_N95_2592x1944_scaledTo800x600bilinear,MuensterDatabase
4305399063558_02_N95_2592x1944_scaledTo800x600bilinear,MuensterDatabase
4008695730185_01_N95_2592x1944_scaledTo800x600bilinear,MuensterDatabase
7613033968051_1,openfoodDatabase
4021472052027_01_N95_2592x1944_scaledTo800x600bilinear,MuensterDatabase
4102670550000_01_N95_2592x1944_scaledTo800x600bilinear,MuensterDatabase
4002064408750_01_N95_2592x1944_scaledTo800x600bilinear,MuensterDatabase
4005800431241_01_N95_2592x1944_scaledTo800x600bilinear,MuensterDatabase
4015000019088_01_N95_2592x1944_scaledTo800x600bilinear,MuensterDatabase
4000508045752_01_N95_2592x1944_scaledTo800x600bilinear,MuensterDatabase
5906340131044_02_N95_2592x1944_scaledTo800x600bilinear,MuensterDatabase
4001133848619_01_N95_2592x1944_scaledTo800x600bilinear,MuensterDatabase
4013521235338_01_N95_2592x1944_scaledTo800x600bilinear,MuensterDatabase
4013521231439_01_N95_2592x1944_scaledTo800x600bilinear,MuensterDatabase
3144550019369_2,openfoodDatabase
Foto(558),InsubriaDatabase2
5025232414109_01_N95_2592x1944_scaledTo800x600bilinear,MuensterDatabase
4008666206503_02_N95_2592x1944_scaledTo800x600bilinear,MuensterDatabase
5102009150,InsubriaDatabase1
4078500279000_01_N95_2592x1944_scaledTo800x600bilinear,MuensterDatabase
8410060282001_01_N95_2592x1944_scaledTo800x600bilinear,MuensterDatabase
Foto(746),InsubriaDatabase2
9310006006649_01_N95_2592x1944_scaledTo800x600bilinear,MuensterDatabase
3250391273782_1,openfoodDatabase
3760055835039_2,openfoodDatabase
4002448027508_01_N95_2592x1944_scaledTo800x600bilinear,MuensterDatabase
3760044396411_2,openfoodDatabase
4002940163544_01_N95_2592x1944_scaledTo800x600bilinear,MuensterDatabase
4000870984611_01_N95_2592x1944_scaledTo800x600bilinear,MuensterDatabase
9400563452017_2,openfoodDatabase
8801019306327_size_640_480_20140607_201148,skkuinyougDatabase
0040000498582_1,openfoodDatabase
Foto(715),InsubriaDatabase2
4043002417786_01_N95_2592x1944_scaledTo800x600bilinear,MuensterDatabase
Foto(700),InsubriaDatabase2
7318305786042_01_N95_2592x1944_scaledTo800x600bilinear,MuensterDatabase
8801166376778_size_640_480_20140607_203859,skkuinyougDatabase
Foto(563),InsubriaDatabase2
Foto(770),InsubriaDatabase2
4003694852128_01_N95_2592x1944_scaledTo800x600bilinear,MuensterDatabase
3700175002591_1,openfoodDatabase
4023103110700_01_N95_2592x1944_scaledTo800x600bilinear,MuensterDatabase
8809304811969_size_640_480_20140607_203537,skkuinyougDatabase
3181731140009_02_N95_2592x1944_scaledTo800x600bilinear,MuensterDatabase
4007882580015_01_N95_2592x1944_scaledTo800x600bilinear,MuensterDatabase
4004025056857_01_N95_2592x1944_scaledTo800x600bilinear,MuensterDatabase
8801121759165_size_640_480_20140607_202658,skkuinyougDatabase
8016419007006_01_N95_2592x1944_scaledTo800x600bilinear,MuensterDatabase
4045317053925_01_N95_2592x1944_scaledTo800x600bilinear,MuensterDatabase
3181731138013_01_N95_2592x1944_scaledTo800x600bilinear,MuensterDatabase
4001133929516_01_N95_2592x1944_scaledTo800x600bilinear,MuensterDatabase
4104090901783_01_N95_2592x1944_scaledTo800x600bilinear,MuensterDatabase
8000700000005_01_N95_2592x1944_scaledTo800x600bilinear,MuensterDatabase
5102009175,InsubriaDatabase1
3276555858145_1,openfoodDatabase
4015000019613_01_N95_2592x1944_scaledTo800x600bilinear,MuensterDatabase
4007486620322_01_N95_2592x1944_scaledTo800x600bilinear,MuensterDatabase
4000492002496_01_N95_2592x1944_scaledTo800x600bilinear,MuensterDatabase
4013200254179_01_N95_2592x1944_scaledTo800x600bilinear,MuensterDatabase
4013307328957_01_N95_2592x1944_scaledTo800x600bilinear,MuensterDatabase
4017026058898_02_N95_2592x1944_scaledTo800x600bilinear,MuensterDatabase
4008789044983_01_N95_2592x1944_scaledTo800x600bilinear,MuensterDatabase
8806125400341_size_640_480_20140607_203820,skkuinyougDatabase
4004841705007_01_N95_2592x1944_scaledTo800x600bilinear,MuensterDatabase
3171920011272_2,openfoodDatabase
4000270905209_01_N95_2592x1944_scaledTo800x600bilinear,MuensterDatabase
4008913033418_01_N95_2592x1944_scaledTo800x600bilinear,MuensterDatabase
Foto(698),InsubriaDatabase2
3600520825809_01_N95_2592x1944_scaledTo800x600bilinear,MuensterDatabase
8801047448563_size_640_480_20140607_202459,skkuinyougDatabase
4002940162172_01_N95_2592x1944_scaledTo800x600bilinear,MuensterDatabase
3600520982724_01_N95_2592x1944_scaledTo800x600bilinear,MuensterDatabase
Foto(755),InsubriaDatabase2
2609928041263_1,openfoodDatabase
2275104045655_1,openfoodDatabase
4002707164333_01_N95_2592x1944_scaledTo800x600bilinear,MuensterDatabase
4007680105243_01_N95_2592x1944_scaledTo800x600bilinear,MuensterDatabase
4063500212140_01_N95_2592x1944_scaledTo800x600bilinear,MuensterDatabase
4311501625217_9,openfoodDatabase
4008789041876_01_N95_2592x1944_scaledTo800x600bilinear,MuensterDatabase
Foto(792),InsubriaDatabase2
4006313001167_01_N95_2592x1944_scaledTo800x600bilinear,MuensterDatabase
4002874004371_01_N95_2592x1944_scaledTo800x600bilinear,MuensterDatabase
3500611007667_01_N95_2592x1944_scaledTo800x600bilinear,MuensterDatabase
4049500949736_01_N95_2592x1944_scaledTo800x600bilinear,MuensterDatabase
5760466118798_01_N95_2592x1944_scaledTo800x600bilinear,MuensterDatabase
4006333358814_02_N95_2592x1944_scaledTo800x600bilinear,MuensterDatabase
7613030780564_01_N95_2592x1944_scaledTo800x600bilinear,MuensterDatabase
4000869042056_01_N95_2592x1944_scaledTo800x600bilinear,MuensterDatabase
4041500058029_01_N95_2592x1944_scaledTo800x600bilinear,MuensterDatabase
4047584005591_01_N95_2592x1944_scaledTo800x600bilinear,MuensterDatabase
3256221567557_2,openfoodDatabase
4043002390966_01_N95_2592x1944_scaledTo800x600bilinear,MuensterDatabase
4002473959652_01_N95_2592x1944_scaledTo800x600bilinear,MuensterDatabase
4043002419520_01_N95_2592x1944_scaledTo800x600bilinear,MuensterDatabase
4047584005577_01_N95_2592x1944_scaledTo800x600bilinear,MuensterDatabase
5906340131044_01_N95_2592x1944_scaledTo800x600bilinear,MuensterDatabase
2294875026113_1,openfoodDatabase
Foto(786),InsubriaDatabase2
7610900013913_2,openfoodDatabase
3428290000093_1,openfoodDatabase
4002575113389_01_N95_2592x1944_scaledTo800x600bilinear,MuensterDatabase
8008177003765_01_N95_2592x1944_scaledTo800x600bilinear,MuensterDatabase
5410673052001_01_N95_2592x1944_scaledTo800x600bilinear,MuensterDatabase
4020943134224_1,openfoodDatabase
4005009001672_01_N95_2592x1944_scaledTo800x600bilinear,MuensterDatabase
8801069182865_size_640_480_20140607_202611,skkuinyougDatabase
5102009206,InsubriaDatabase1
2007001437550_01_N95_2592x1944_scaledTo800x600bilinear,MuensterDatabase
8801069177250_size_640_480_20140607_202545,skkuinyougDatabase
5018374386687_size_640_480_20140607_201239,skkuinyougDatabase
3487400000637_01_N95_2592x1944_scaledTo800x600bilinear,MuensterDatabase
4001499140648_01_N95_2592x1944_scaledTo800x600bilinear,MuensterDatabase
Foto(829),InsubriaDatabase2
Foto(535),InsubriaDatabase2
Foto(771),InsubriaDatabase2
4006272332104_01_N95_2592x1944_scaledTo800x600bilinear,MuensterDatabase
8801207030867_size_640_480_20140607_202549,skkuinyougDatabase
4000400070340_01_N95_2592x1944_scaledTo800x600bilinear,MuensterDatabase
4305399058356_01_N95_2592x1944_scaledTo800x600bilinear,MuensterDatabase
8801136401271_size_640_480_20140607_200950,skkuinyougDatabase
Foto(769),InsubriaDatabase2
4306188030096_01_N95_2592x1944_scaledTo800x600bilinear,MuensterDatabase
8717644390269_01_N95_2592x1944_scaledTo800x600bilinear,MuensterDatabase
4045500511850_01_N95_2592x1944_scaledTo800x600bilinear,MuensterDatabase
4305615490205_2,openfoodDatabase
4305399072307_01_N95_2592x1944_scaledTo800x600bilinear,MuensterDatabase
2216103004564_01_N95_2592x1944_scaledTo800x600bilinear,MuensterDatabase
Foto(736),InsubriaDatabase2
5102009164,InsubriaDatabase1
4305399028854_01_N95_2592x1944_scaledTo800x600bilinear,MuensterDatabase
5102009227,InsubriaDatabase1
2303633006639_01_N95_2592x1944_scaledTo800x600bilinear,MuensterDatabase
4015000510851_01_N95_2592x1944_scaledTo800x600bilinear,MuensterDatabase
4100650500021_01_N95_2592x1944_scaledTo800x600bilinear,MuensterDatabase
4008912828015_01_N95_2592x1944_scaledTo800x600bilinear,MuensterDatabase
5102009176,InsubriaDatabase1
4006431011413_01_N95_2592x1944_scaledTo800x600bilinear,MuensterDatabase
5029053009834_01_N95_2592x1944_scaledTo800x600bilinear,MuensterDatabase
4006825456066_01_N95_2592x1944_scaledTo800x600bilinear,MuensterDatabase
Foto(830),InsubriaDatabase2
5102009126,InsubriaDatabase1
8722700060222_01_N95_2592x1944_scaledTo800x600bilinear,MuensterDatabase
8710456004119_01_N95_2592x1944_scaledTo800x600bilinear,MuensterDatabase
4006874037346_01_N95_2592x1944_scaledTo800x600bilinear,MuensterDatabase
3505340020239_1,openfoodDatabase
9002827249014_01_N95_2592x1944_scaledTo800x600bilinear,MuensterDatabase
4007237054956_01_N95_2592x1944_scaledTo800x600bilinear,MuensterDatabase
4037678222164_01_N95_2592x1944_scaledTo800x600bilinear,MuensterDatabase
4000269101247_01_N95_2592x1944_scaledTo800x600bilinear,MuensterDatabase
5102009104,InsubriaDatabase1
4004820802017_01_N95_2592x1944_scaledTo800x600bilinear,MuensterDatabase
4078500277105_01_N95_2592x1944_scaledTo800x600bilinear,MuensterDatabase
3215470518352_2,openfoodDatabase
8712800148104_1,openfoodDatabase
4043002380356_01_N95_2592x1944_scaledTo800x600bilinear,MuensterDatabase
5102009205,InsubriaDatabase1
4100440007129_01_N95_2592x1944_scaledTo800x600bilinear,MuensterDatabase
4009078659925_01_N95_2592x1944_scaledTo800x600bilinear,MuensterDatabase
4006067088773_01_N95_2592x1944_scaledTo800x600bilinear,MuensterDatabase
4000492512476_01_N95_2592x1944_scaledTo800x600bilinear,MuensterDatabase
4000400002945_02_N95_2592x1944_scaledTo800x600bilinear,MuensterDatabase
3417549311288_1,openfoodDatabase
Foto(791),InsubriaDatabase2
4008934890021_01_N95_2592x1944_scaledTo800x600bilinear,MuensterDatabase
8715186854218_01_N95_2592x1944_scaledTo800x600bilinear,MuensterDatabase
5102009178,InsubriaDatabase1
Foto(783),InsubriaDatabase2
8801062712809_size_640_480_20140607_202740,skkuinyougDatabase
2366377053116_2,openfoodDatabase
4052400035218_01_N95_2592x1944_scaledTo800x600bilinear,MuensterDatabase
4004353036507_01_N95_2592x1944_scaledTo800x600bilinear,MuensterDatabase
4305399041006_01_N95_2592x1944_scaledTo800x600bilinear,MuensterDatabase
4011240090528_01_N95_2592x1944_scaledTo800x600bilinear,MuensterDatabase
Foto(781),InsubriaDatabase2
4003764700373_02_N95_2592x1944_scaledTo800x600bilinear,MuensterDatabase
9002759840358_01_N95_2592x1944_scaledTo800x600bilinear,MuensterDatabase
2210187003598_01_N95_2592x1944_scaledTo800x600bilinear,MuensterDatabase
4001845524368_01_N95_2592x1944_scaledTo800x600bilinear,MuensterDatabase
4004353003660_01_N95_2592x1944_scaledTo800x600bilinear,MuensterDatabase
4005696301642_1,openfoodDatabase
6102009248,InsubriaDatabase1
8807841041337_size_640_480_20140607_203359,skkuinyougDatabase
4002448408314_01_N95_2592x1944_scaledTo800x600bilinear,MuensterDatabase
2005169233007_01_N95_2592x1944_scaledTo800x600bilinear,MuensterDatabase
Foto(721),InsubriaDatabase2
4013307319634_01_N95_2592x1944_scaledTo800x600bilinear,MuensterDatabase
8801074330350_size_640_480_20140607_203023,skkuinyougDatabase
5102009209,InsubriaDatabase1
Foto(745),InsubriaDatabase2
8411030051085_01_N95_2592x1944_scaledTo800x600bilinear,MuensterDatabase
8802896003231_size_640_480_20140607_202908,skkuinyougDatabase
8804973302602_size_640_480_20140607_201956,skkuinyougDatabase
Foto(823),InsubriaDatabase2
0247534029262_2,openfoodDatabase
5102009163,InsubriaDatabase1
8801204005691_size_640_480_20140607_201352,skkuinyougDatabase
8801121104033_size_640_480_20140607_200956,skkuinyougDatabase
4005781152197_01_N95_2592x1944_scaledTo800x600bilinear,MuensterDatabase
Foto(312),InsubriaDatabase2
4006431011413_02_N95_2592x1944_scaledTo800x600bilinear,MuensterDatabase
4005808650507_07_N95_2592x1944_scaledTo800x600bilinear,MuensterDatabase
3417960000525_1,openfoodDatabase
Foto(503),InsubriaDatabase2
4008153740831_01_N95_2592x1944_scaledTo800x600bilinear,MuensterDatabase
3760006881122_2,openfoodDatabase
4006874037346_02_N95_2592x1944_scaledTo800x600bilinear,MuensterDatabase
4006592532673_01_N95_2592x1944_scaledTo800x600bilinear,MuensterDatabase
Foto(729),InsubriaDatabase2
4000400130792_01_N95_2592x1944_scaledTo800x600bilinear,MuensterDatabase
4002239595506_01_N95_2592x1944_scaledTo800x600bilinear,MuensterDatabase
9001466304337_02_N95_2592x1944_scaledTo800x600bilinear,MuensterDatabase
4006387009311_01_N95_2592x1944_scaledTo800x600bilinear,MuensterDatabase
Foto(487),InsubriaDatabase2
4013099011464_01_N95_2592x1944_scaledTo800x600bilinear,MuensterDatabase
8801115134350_size_640_480_20140607_202508,skkuinyougDatabase
4006160635317_01_N95_2592x1944_scaledTo800x600bilinear,MuensterDatabase
6102009249,InsubriaDatabase1
4001956211980_01_N95_2592x1944_scaledTo800x600bilinear,MuensterDatabase
4001608023510_01_N95_2592x1944_scaledTo800x600bilinear,MuensterDatabase
8076809523738_01_N95_2592x1944_scaledTo800x600bilinear,MuensterDatabase
8801007013251_8801007013251_size_640_480_20140607_203118,skkuinyougDatabase
5102009110,InsubriaDatabase1
5102009208,InsubriaDatabase1
4007591582096_01_N95_2592x1944_scaledTo800x600bilinear,MuensterDatabase
4045500012005_01_N95_2592x1944_scaledTo800x600bilinear,MuensterDatabase
PICsdT0032,InsubriaDatabase1
4003790001444_01_N95_2592x1944_scaledTo800x600bilinear,MuensterDatabase
Foto(741),InsubriaDatabase2
4004353003721_01_N95_2592x1944_scaledTo800x600bilinear,MuensterDatabase
4006237090162_01_N95_2592x1944_scaledTo800x600bilinear,MuensterDatabase
4006272232961_01_N95_2592x1944_scaledTo800x600bilinear,MuensterDatabase
Foto(693),InsubriaDatabase2
4006545125594_01_N95_2592x1944_scaledTo800x600bilinear,MuensterDatabase
8801115134398_size_640_480_20140607_202511,skkuinyougDatabase
6102009243,InsubriaDatabase1
4009390008135_01_N95_2592x1944_scaledTo800x600bilinear,MuensterDatabase
Foto(827),InsubriaDatabase2
4008617661009_02_N95_2592x1944_scaledTo800x600bilinear,MuensterDatabase
8801753101028_size_640_480_20140607_201006,skkuinyougDatabase
7311518034399_01_N95_2592x1944_scaledTo800x600bilinear,MuensterDatabase
8076809529433_01_N95_2592x1944_scaledTo800x600bilinear,MuensterDatabase
Foto(749),InsubriaDatabase2
4007801107736_01_N95_2592x1944_scaledTo800x600bilinear,MuensterDatabase
4016364011725_01_N95_2592x1944_scaledTo800x600bilinear,MuensterDatabase
8801037051308_size_640_480_20140607_202640,skkuinyougDatabase
4013307306092_01_N95_2592x1944_scaledTo800x600bilinear,MuensterDatabase
4002448024217_01_N95_2592x1944_scaledTo800x600bilinear,MuensterDatabase
4005500087038_01_N95_2592x1944_scaledTo800x600bilinear,MuensterDatabase
4056800576548_01_N95_2592x1944_scaledTo800x600bilinear,MuensterDatabase
8809190111174_size_640_480_20140607_204058,skkuinyougDatabase
3179732353542_01_N95_2592x1944_scaledTo800x600bilinear,MuensterDatabase
8801083017532_size_640_480_20140607_201315,skkuinyougDatabase
4002644601762_01_N95_2592x1944_scaledTo800x600bilinear,MuensterDatabase
4008402338376_01_N95_2592x1944_scaledTo800x600bilinear,MuensterDatabase
5102009211,InsubriaDatabase1
4000869060098_01_N95_2592x1944_scaledTo800x600bilinear,MuensterDatabase
4006885191600_01_N95_2592x1944_scaledTo800x600bilinear,MuensterDatabase
Foto(824),InsubriaDatabase2
4045317051822_02_N95_2592x1944_scaledTo800x600bilinear,MuensterDatabase
8801133090669_size_640_480_20140607_202855,skkuinyougDatabase
8801117109004_size_640_480_20140607_201750,skkuinyougDatabase
Foto(689),InsubriaDatabase2
4001499143694_01_N95_2592x1944_scaledTo800x600bilinear,MuensterDatabase
8801117109004_size_640_480_20140607_203709,skkuinyougDatabase
4008153403743_01_N95_2592x1944_scaledTo800x600bilinear,MuensterDatabase
4005808650507_05_N95_2592x1944_scaledTo800x600bilinear,MuensterDatabase
4000286003494_01_N95_2592x1944_scaledTo800x600bilinear,MuensterDatabase
4005941001983_02_N95_2592x1944_scaledTo800x600bilinear,MuensterDatabase
PICT00gfhh38,InsubriaDatabase1
4012895003321_01_N95_2592x1944_scaledTo800x600bilinear,MuensterDatabase
4015000018418_01_N95_2592x1944_scaledTo800x600bilinear,MuensterDatabase
4005808650507_08_N95_2592x1944_scaledTo800x600bilinear,MuensterDatabase
5102009129,InsubriaDatabase1
4040600989202_01_N95_2592x1944_scaledTo800x600bilinear,MuensterDatabase
Foto(536),InsubriaDatabase2
8801019005633_size_640_480_20140607_201839,skkuinyougDatabase
4101080001386_01_N95_2592x1944_scaledTo800x600bilinear,MuensterDatabase
Foto(685),InsubriaDatabase2
4015000017718_01_N95_2592x1944_scaledTo800x600bilinear,MuensterDatabase
4002718326287_01_N95_2592x1944_scaledTo800x600bilinear,MuensterDatabase
4003143030893_01_N95_2592x1944_scaledTo800x600bilinear,MuensterDatabase
Foto(794),InsubriaDatabase2
8809274514105_size_640_480_20140607_202442,skkuinyougDatabase
8000500285572_2,openfoodDatabase
4388840014156_01_N95_2592x1944_scaledTo800x600bilinear,MuensterDatabase
4003222664834_01_N95_2592x1944_scaledTo800x600bilinear,MuensterDatabase
4002940199673_01_N95_2592x1944_scaledTo800x600bilinear,MuensterDatabase
4002940470055_01_N95_2592x1944_scaledTo800x600bilinear,MuensterDatabase
Foto(722),InsubriaDatabase2
3700197660441_2,openfoodDatabase
4000582500093_01_N95_2592x1944_scaledTo800x600bilinear,MuensterDatabase
6102009255,InsubriaDatabase1
4002575076905_01_N95_2592x1944_scaledTo800x600bilinear,MuensterDatabase
2000700048829_1,openfoodDatabase
4012467288415_01_N95_2592x1944_scaledTo800x600bilinear,MuensterDatabase
8410416008866_2,openfoodDatabase
5102009226,InsubriaDatabase1
5102009153,InsubriaDatabase1
Foto(843),InsubriaDatabase2
4023900539063_01_N95_2592x1944_scaledTo800x600bilinear,MuensterDatabase
3245390217295_1,openfoodDatabase
5102009179,InsubriaDatabase1
4305399071805_01_N95_2592x1944_scaledTo800x600bilinear,MuensterDatabase
4016598348994_01_N95_2592x1944_scaledTo800x600bilinear,MuensterDatabase
5102009220,InsubriaDatabase1
5102009210,InsubriaDatabase1
Foto(427),InsubriaDatabase2
8801047224303_size_640_480_20140607_202828,skkuinyougDatabase
4006952002204_01_N95_2592x1944_scaledTo800x600bilinear,MuensterDatabase
4005781145199_01_N95_2592x1944_scaledTo800x600bilinear,MuensterDatabase
8801019307812_size_640_480_20140607_201155,skkuinyougDatabase
4005500209409_01_N95_2592x1944_scaledTo800x600bilinear,MuensterDatabase
4002448016229_01_N95_2592x1944_scaledTo800x600bilinear,MuensterDatabase
6102009252,InsubriaDatabase1
4000492502415_01_N95_2592x1944_scaledTo800x600bilinear,MuensterDatabase
Foto(678),InsubriaDatabase2
4001513000613_02_N95_2592x1944_scaledTo800x600bilinear,MuensterDatabase
5102009185,InsubriaDatabase1
4306188400851_01_N95_2592x1944_scaledTo800x600bilinear,MuensterDatabase
5702014498815_02_N95_2592x1944_scaledTo800x600bilinear,MuensterDatabase
4306188114673_01_N95_2592x1944_scaledTo800x600bilinear,MuensterDatabase
4013200881559_01_N95_2592x1944_scaledTo800x600bilinear,MuensterDatabase
4103810023606_01_N95_2592x1944_scaledTo800x600bilinear,MuensterDatabase
Foto(818),InsubriaDatabase2
3181731138013_02_N95_2592x1944_scaledTo800x600bilinear,MuensterDatabase
5102009215,InsubriaDatabase1
4008789046598_01_N95_2592x1944_scaledTo800x600bilinear,MuensterDatabase
9007084023254_01_N95_2592x1944_scaledTo800x600bilinear,MuensterDatabase
5102009228,InsubriaDatabase1
4006581001777_01_N95_2592x1944_scaledTo800x600bilinear,MuensterDatabase
4005500333005_01_N95_2592x1944_scaledTo800x600bilinear,MuensterDatabase
5102009200,InsubriaDatabase1
3600520826400_01_N95_2592x1944_scaledTo800x600bilinear,MuensterDatabase
7311800009357_1,openfoodDatabase
3264057554320_2,openfoodDatabase
4005808010707_01_N95_2592x1944_scaledTo800x600bilinear,MuensterDatabase
4007237015452_01_N95_2592x1944_scaledTo800x600bilinear,MuensterDatabase
5410673052018_01_N95_2592x1944_scaledTo800x600bilinear,MuensterDatabase
8410773001845_01_N95_2592x1944_scaledTo800x600bilinear,MuensterDatabase
4000576484736_01_N95_2592x1944_scaledTo800x600bilinear,MuensterDatabase
0203355007223_1,openfoodDatabase
4004327244396_01_N95_2592x1944_scaledTo800x600bilinear,MuensterDatabase
5102009114,InsubriaDatabase1
5010241993059_01_N95_2592x1944_scaledTo800x600bilinear,MuensterDatabase
8801117760502_size_640_480_20140607_202318,skkuinyougDatabase
8809215560857_size_640_480_20140607_202202,skkuinyougDatabase
9006900011529_01_N95_2592x1944_scaledTo800x600bilinear,MuensterDatabase
8410076600646_size_640_480_20140607_201337,skkuinyougDatabase
4009290058117_01_N95_2592x1944_scaledTo800x600bilinear,MuensterDatabase
3700476830589_2,openfoodDatabase
Foto(546),InsubriaDatabase2
4056800563081_01_N95_2592x1944_scaledTo800x600bilinear,MuensterDatabase
5102009140,InsubriaDatabase1
Foto(761),InsubriaDatabase2
5102009224,InsubriaDatabase1
9011500025043_01_N95_2592x1944_scaledTo800x600bilinear,MuensterDatabase
6102009253,InsubriaDatabase1
4002575075489_01_N95_2592x1944_scaledTo800x600bilinear,MuensterDatabase
3770008126008_1,openfoodDatabase
Foto(508),InsubriaDatabase2
5102009108,InsubriaDatabase1
5102009131,InsubriaDatabase1
8809030491039_size_640_480_20140607_204000,skkuinyougDatabase
4038437012224_01_N95_2592x1944_scaledTo800x600bilinear,MuensterDatabase
4008600097532_01_N95_2592x1944_scaledTo800x600bilinear,MuensterDatabase
7891285356646_01_N95_2592x1944_scaledTo800x600bilinear,MuensterDatabase
4013197767010_2,openfoodDatabase
4012339031538_01_N95_2592x1944_scaledTo800x600bilinear,MuensterDatabase
2007002124862_01_N95_2592x1944_scaledTo800x600bilinear,MuensterDatabase
4006670360150_01_N95_2592x1944_scaledTo800x600bilinear,MuensterDatabase
